matrix_row,matrix_column,physical_key_id,internal_code_0,internal_code_1,internal_code_2
0,0,1,0x01,0x96,0x0e
0,1,2,0x0f,0x88,0x02
0,2,3,0x10,0x94,0x03
0,3,4,0x11,0x8a,0x04
0,4,5,0x12,0x89,0x05
0,5,6,0x13,0x8b,0x06
1,0,16,0x1c,0xad,0xad
1,1,17,0x1d,0x9e,0x9e
1,2,18,0x1e,0x80,0x80
1,3,19,0x1f,0x9d,0x9d
1,4,20,0x20,0x00,0x00
1,5,21,0x21,0xb6,0xb6
2,0,30,0x2a,0x00,0x00
2,1,31,0x2b,0x7e,0x7e
2,2,32,0x2c,0x81,0x81
2,3,33,0x2d,0x7f,0x7f
2,4,34,0x2e,0x85,0x85
2,5,35,0x2f,0xab,0xab
3,0,43,0x37,0xc6,0xc6
3,1,44,0x38,0x82,0x82
3,2,45,0x39,0x84,0x84
3,3,46,0x3a,0x83,0x83
3,4,47,0x3b,0x86,0x86
3,5,48,0x3c,0xac,0xac
4,0,12,0x19,0xa7,0x0c
4,1,11,0x18,0xaa,0x0b
4,2,10,0x17,0xa9,0x0a
4,3,9,0x16,0xa8,0x09
4,4,8,0x15,0x95,0x08
4,5,7,0x14,0x87,0x07
5,0,27,0x27,0xae,0xae
5,1,26,0x26,0x50,0x50
5,2,25,0x25,0x4f,0x4f
5,3,24,0x24,0x4e,0x4e
5,4,23,0x23,0x00,0x00
5,5,22,0x22,0xb2,0xb2
6,0,41,0x35,0x00,0x00
6,1,40,0x34,0x53,0x53
6,2,39,0x33,0x52,0x52
6,3,38,0x32,0x51,0x51
6,4,37,0x31,0x00,0x00
6,5,36,0x30,0x00,0x00
7,0,54,0x9a,0x97,0x97
7,1,53,0x41,0x56,0x56
7,2,52,0x40,0x55,0x55
7,3,51,0x3f,0x54,0x54
7,4,50,0x3e,0xcf,0xcf
7,5,49,0x3d,0x00,0x00
8,0,56,0x43,0x98,0x98
8,1,57,0xa6,0xa6,0xa6
8,2,58,0x44,0x00,0x00
8,3,59,0x45,0x9b,0x9b
8,4,60,0x46,0x8c,0x8c
8,5,61,0x9c,0x9c,0x9c
9,0,65,0x59,0x8e,0x8e
9,1,64,0x58,0x8f,0x8f
9,2,63,0x4a,0x00,0x00
9,3,62,0x47,0x00,0x00
9,4,55,0x54,0x91,0x91
9,5,66,0x5a,0x90,0x90
10,0,13,0x1a,0x9f,0x0d
10,1,14,0x0e,0x00,0x00
10,2,15,0x1b,0x00,0x00
10,3,28,0x28,0xaf,0xaf
10,4,42,0x36,0x00,0x00
10,5,29,0x29,0xb3,0xb3
