physical_key_id,channel_0,channel_1,channel_2
1,0,255,0
2,255,0,0
3,255,0,0
4,255,0,0
5,255,0,0
6,255,0,0
7,255,0,0
8,255,0,0
9,255,0,0
10,255,0,0
11,255,0,0
12,255,0,0
13,255,0,0
14,255,0,0
15,0,255,0
16,0,255,0
17,255,0,255
18,255,0,255
19,255,0,255
20,255,0,255
21,255,0,255
22,255,0,255
23,255,0,255
24,255,255,0
25,255,255,0
26,255,255,0
27,255,0,255
28,255,0,255
29,0,255,0
30,0,255,0
31,255,0,255
32,255,0,255
33,255,0,255
34,255,0,255
35,255,0,255
36,255,0,255
37,255,0,255
38,255,255,0
39,255,255,0
40,255,255,0
41,255,0,255
42,0,255,0
43,0,255,0
44,255,0,255
45,255,0,255
46,255,0,255
47,255,0,255
48,255,0,255
49,255,0,255
50,255,0,255
51,255,255,0
52,255,255,0
53,255,255,0
54,0,0,255
55,0,255,0
56,0,255,0
57,0,255,255
58,0,255,0
59,0,255,0
60,255,0,255
61,0,255,255
62,0,255,0
63,0,255,0
64,0,0,255
65,0,0,255
66,0,0,255
