caller_address	caller	callee_address	callee
10001010	FUN_10001010	10004d04	FUN_10004d04
10001010	FUN_10001010	10004cad	FUN_10004cad
10001040	FUN_10001040	10008ac0	_memset
100010d0	FUN_100010d0	10004d10	FID_conflict:_memcpy
100010d0	FUN_100010d0	10001160	FUN_10001160
10001160	FUN_10001160	10004d10	FID_conflict:_memcpy
10001160	FUN_10001160	100011e0	FUN_100011e0
100011e0	FUN_100011e0	10001240	FUN_10001240
100011e0	FUN_100011e0	10004aff	FUN_10004aff
10001240	FUN_10001240	10004d10	FID_conflict:_memcpy
10001240	FUN_10001240	10004d04	FUN_10004d04
10001240	FUN_10001240	100012c0	FUN_100012c0
10001240	FUN_10001240	10004aff	FUN_10004aff
100012c0	FUN_100012c0	1000553d	__CxxThrowException@8
100012c0	FUN_100012c0	10004c51	exception
100012c0	FUN_100012c0	10005071	FUN_10005071
10001320	FUN_10001320	10004cdf	exception
10001380	KeyBoardProc	EXTERNAL:00000043	PostMessageW
100013f0	InstallHook	EXTERNAL:00000041	SetWindowsHookExW
10001420	UninstallHook	EXTERNAL:00000042	UnhookWindowsHookEx
10001450	FUN_10001450	10008ac0	_memset
10001450	FUN_10001450	1000517c	_malloc
10001490	FUN_10001490	10004d04	FUN_10004d04
100014d0	read_key_configuration_stream	10005142	_free
100014d0	read_key_configuration_stream	10008ac0	_memset
100014d0	read_key_configuration_stream	10004d04	FUN_10004d04
100014d0	read_key_configuration_stream	EXTERNAL:00000043	PostMessageW
100014d0	read_key_configuration_stream	10004bba	__security_check_cookie
100014d0	read_key_configuration_stream	10004a70	FUN_10004a70
100014d0	read_key_configuration_stream	100010d0	FUN_100010d0
100014d0	read_key_configuration_stream	1000517c	_malloc
100014d0	read_key_configuration_stream	10005071	FUN_10005071
100014d0	read_key_configuration_stream	10004300	FUN_10004300
10001860	write_key_configuration_stream	10008d20	FID_conflict:_memcpy
10001860	write_key_configuration_stream	10005142	_free
10001860	write_key_configuration_stream	10008ac0	_memset
10001860	write_key_configuration_stream	EXTERNAL:00000043	PostMessageW
10001860	write_key_configuration_stream	10004bba	__security_check_cookie
10001860	write_key_configuration_stream	1000517c	_malloc
10001a80	read_rgb_configuration_stream	10008d20	FID_conflict:_memcpy
10001a80	read_rgb_configuration_stream	10008ac0	_memset
10001a80	read_rgb_configuration_stream	10004bba	__security_check_cookie
10001b70	read_press_counter_stream	10008d20	FID_conflict:_memcpy
10001b70	read_press_counter_stream	10008ac0	_memset
10001b70	read_press_counter_stream	10004bba	__security_check_cookie
10001c70	~CKB75HWI	10004d04	FUN_10004d04
10001c70	~CKB75HWI	EXTERNAL:0000000b	CloseHandle
10001c70	~CKB75HWI	10001490	FUN_10001490
10001cc0	__createDev	10001450	FUN_10001450
10001cc0	__createDev	EXTERNAL:00000008	GetLastError
10001cc0	__createDev	10002530	FUN_10002530
10001cc0	__createDev	10005071	FUN_10005071
10001d20	__closeDev	10004d04	FUN_10004d04
10001d20	__closeDev	EXTERNAL:0000000b	CloseHandle
10001d20	__closeDev	10001490	FUN_10001490
10001d70	getHardwareVersion	EXTERNAL:00000008	GetLastError
10001d90	setKeyConfiguration	10004330	FUN_10004330
10001d90	setKeyConfiguration	10004d10	FID_conflict:_memcpy
10001d90	setKeyConfiguration	10004d04	FUN_10004d04
10001d90	setKeyConfiguration	10001160	FUN_10001160
10001d90	setKeyConfiguration	10005071	FUN_10005071
10002040	setKeyboardLightArea	10008d20	FID_conflict:_memcpy
10002040	setKeyboardLightArea	10008ac0	_memset
10002040	setKeyboardLightArea	10004bba	__security_check_cookie
100022e0	getKeyboardLightArea	10004bba	__security_check_cookie
10002340	prepare	10004d04	FUN_10004d04
10002380	writeKeyConfigurationToDev	10001860	write_key_configuration_stream
10002390	readKeyDefinationFromDev	100014d0	read_key_configuration_stream
100023a0	readKeyLightFromDev	10001a80	read_rgb_configuration_stream
100023b0	WriteFirmwareToKeyboard	100039b0	send_firmware_text_records
100023e0	DetectDevice	10002a50	FUN_10002a50
100023f0	getPressCounterFromDev	10001b70	read_press_counter_stream
10002420	DetectDeviceType	10002f40	FUN_10002f40
10002430	DetectDeviceForMac	10003550	FUN_10003550
10002440	FUN_10002440	EXTERNAL:0000000a	CreateFileW
10002470	FUN_10002470	10008ac0	_memset
10002470	FUN_10002470	10004bba	__security_check_cookie
10002470	FUN_10002470	EXTERNAL:00000009	MultiByteToWideChar
10002530	FUN_10002530	10005142	_free
10002530	FUN_10002530	10003eb0	FUN_10003eb0
10002530	FUN_10002530	EXTERNAL:00000005	HidD_GetHidGuid
10002530	FUN_10002530	EXTERNAL:00000003	SetupDiGetDeviceInterfaceDetailW
10002530	FUN_10002530	10003e40	FUN_10003e40
10002530	FUN_10002530	EXTERNAL:00000001	SetupDiEnumDeviceInfo
10002530	FUN_10002530	1000517c	_malloc
10002530	FUN_10002530	EXTERNAL:00000004	SetupDiGetClassDevsW
10002530	FUN_10002530	10004d04	FUN_10004d04
10002530	FUN_10002530	EXTERNAL:00000002	SetupDiEnumDeviceInterfaces
10002530	FUN_10002530	10003c70	FUN_10003c70
10002530	FUN_10002530	10004bba	__security_check_cookie
10002530	FUN_10002530	10002440	FUN_10002440
10002530	FUN_10002530	10003d80	FUN_10003d80
10002530	FUN_10002530	10005071	FUN_10005071
10002a50	FUN_10002a50	10005142	_free
10002a50	FUN_10002a50	10003eb0	FUN_10003eb0
10002a50	FUN_10002a50	EXTERNAL:00000005	HidD_GetHidGuid
10002a50	FUN_10002a50	EXTERNAL:00000003	SetupDiGetDeviceInterfaceDetailW
10002a50	FUN_10002a50	10003e40	FUN_10003e40
10002a50	FUN_10002a50	EXTERNAL:00000001	SetupDiEnumDeviceInfo
10002a50	FUN_10002a50	1000517c	_malloc
10002a50	FUN_10002a50	EXTERNAL:00000004	SetupDiGetClassDevsW
10002a50	FUN_10002a50	10004d04	FUN_10004d04
10002a50	FUN_10002a50	EXTERNAL:00000002	SetupDiEnumDeviceInterfaces
10002a50	FUN_10002a50	10003c70	FUN_10003c70
10002a50	FUN_10002a50	10004bba	__security_check_cookie
10002a50	FUN_10002a50	10003d80	FUN_10003d80
10002f40	FUN_10002f40	10005142	_free
10002f40	FUN_10002f40	10003eb0	FUN_10003eb0
10002f40	FUN_10002f40	EXTERNAL:00000005	HidD_GetHidGuid
10002f40	FUN_10002f40	EXTERNAL:00000003	SetupDiGetDeviceInterfaceDetailW
10002f40	FUN_10002f40	10003e40	FUN_10003e40
10002f40	FUN_10002f40	EXTERNAL:00000001	SetupDiEnumDeviceInfo
10002f40	FUN_10002f40	1000517c	_malloc
10002f40	FUN_10002f40	EXTERNAL:00000004	SetupDiGetClassDevsW
10002f40	FUN_10002f40	10004d04	FUN_10004d04
10002f40	FUN_10002f40	10003c40	FUN_10003c40
10002f40	FUN_10002f40	EXTERNAL:00000002	SetupDiEnumDeviceInterfaces
10002f40	FUN_10002f40	10003ca0	FUN_10003ca0
10002f40	FUN_10002f40	10004bba	__security_check_cookie
10002f40	FUN_10002f40	10003c70	FUN_10003c70
10002f40	FUN_10002f40	10003d80	FUN_10003d80
10003550	FUN_10003550	10005142	_free
10003550	FUN_10003550	10003eb0	FUN_10003eb0
10003550	FUN_10003550	EXTERNAL:00000005	HidD_GetHidGuid
10003550	FUN_10003550	EXTERNAL:00000003	SetupDiGetDeviceInterfaceDetailW
10003550	FUN_10003550	10003e40	FUN_10003e40
10003550	FUN_10003550	EXTERNAL:00000001	SetupDiEnumDeviceInfo
10003550	FUN_10003550	1000517c	_malloc
10003550	FUN_10003550	EXTERNAL:00000004	SetupDiGetClassDevsW
10003550	FUN_10003550	10004d04	FUN_10004d04
10003550	FUN_10003550	EXTERNAL:00000002	SetupDiEnumDeviceInterfaces
10003550	FUN_10003550	10003c70	FUN_10003c70
10003550	FUN_10003550	10004bba	__security_check_cookie
10003550	FUN_10003550	10003d80	FUN_10003d80
100039b0	send_firmware_text_records	10008d20	FID_conflict:_memcpy
100039b0	send_firmware_text_records	10005210	_strstr
100039b0	send_firmware_text_records	10008ac0	_memset
100039b0	send_firmware_text_records	EXTERNAL:00000043	PostMessageW
100039b0	send_firmware_text_records	10004bba	__security_check_cookie
100039b0	send_firmware_text_records	10003b70	parse_firmware_record_hex
10003b70	parse_firmware_record_hex	10008ac0	_memset
10003c40	FUN_10003c40	10004d04	FUN_10004d04
10003c70	FUN_10003c70	10003cd0	FUN_10003cd0
10003ca0	FUN_10003ca0	10003e40	FUN_10003e40
10003cd0	FUN_10003cd0	10008d20	FID_conflict:_memcpy
10003cd0	FUN_10003cd0	10004b4c	FUN_10004b4c
10003cd0	FUN_10003cd0	10003fc0	FUN_10003fc0
10003cd0	FUN_10003cd0	10004040	FUN_10004040
10003eb0	FUN_10003eb0	10008d20	FID_conflict:_memcpy
10003eb0	FUN_10003eb0	10004aff	FUN_10004aff
10003eb0	FUN_10003eb0	10004090	FUN_10004090
10003eb0	FUN_10003eb0	10003cd0	FUN_10003cd0
10003fc0	FUN_10003fc0	10004d10	FID_conflict:_memcpy
10003fc0	FUN_10003fc0	10004b4c	FUN_10004b4c
10004040	FUN_10004040	10004aff	FUN_10004aff
10004040	FUN_10004040	10004090	FUN_10004090
10004090	FUN_10004090	1000553d	__CxxThrowException@8
10004090	FUN_10004090	10004c51	exception
10004090	FUN_10004090	1000416f	FUN_1000416f
10004090	FUN_10004090	10005071	FUN_10005071
10004148	Catch_All@10004148	10004200	FUN_10004200
1000416f	FUN_1000416f	10008d20	FID_conflict:_memcpy
1000416f	FUN_1000416f	10004d04	FUN_10004d04
100041cf	Catch_All@100041cf	10004d04	FUN_10004d04
100041cf	Catch_All@100041cf	1000553d	__CxxThrowException@8
10004200	FUN_10004200	1000553d	__CxxThrowException@8
10004200	FUN_10004200	10004c51	exception
10004200	FUN_10004200	10005071	FUN_10005071
10004250	hid_write_report	EXTERNAL:0000000c	WriteFile
10004280	hid_read_payload	10008d20	FID_conflict:_memcpy
10004280	hid_read_payload	EXTERNAL:0000000d	ReadFile
10004280	hid_read_payload	10004bba	__security_check_cookie
10004330	FUN_10004330	10004d10	FID_conflict:_memcpy
10004330	FUN_10004330	10001160	FUN_10001160
100043b0	FUN_100043b0	10008d20	FID_conflict:_memcpy
100043b0	FUN_100043b0	10005142	_free
100043b0	FUN_100043b0	1000517c	_malloc
10004500	FUN_10004500	10008d20	FID_conflict:_memcpy
10004500	FUN_10004500	10004d10	FID_conflict:_memcpy
10004500	FUN_10004500	10005142	_free
10004500	FUN_10004500	10001240	FUN_10001240
10004500	FUN_10004500	10004aff	FUN_10004aff
10004500	FUN_10004500	1000517c	_malloc
100049f0	FUN_100049f0	10008ac0	_memset
10004a70	FUN_10004a70	10004d10	FID_conflict:_memcpy
10004a70	FUN_10004a70	10001160	FUN_10001160
10004ae2	FUN_10004ae2	10004cdf	exception
10004aff	FUN_10004aff	1000553d	__CxxThrowException@8
10004aff	FUN_10004aff	10004c51	exception
10004b2f	FUN_10004b2f	10004cdf	exception
10004b4c	FUN_10004b4c	1000553d	__CxxThrowException@8
10004b4c	FUN_10004b4c	10004c51	exception
10004b7c	FUN_10004b7c	10004cdf	exception
10004b99	FUN_10004b99	10004d04	FUN_10004d04
10004b99	FUN_10004b99	10004cad	FUN_10004cad
10004bba	__security_check_cookie	10005589	___report_gsfailure
10004bf3	_Copy_str	1000568f	_strcpy_s
10004bf3	_Copy_str	100056f0	_strlen
10004bf3	_Copy_str	1000517c	_malloc
10004c33	_Tidy	10005142	_free
10004c51	exception	10004bf3	_Copy_str
10004c78	operator=	10004c33	_Tidy
10004c78	operator=	10004bf3	_Copy_str
10004cad	FUN_10004cad	10004c33	_Tidy
10004cb8	FUN_10004cb8	10004d04	FUN_10004d04
10004cb8	FUN_10004cb8	10004c33	_Tidy
10004cdf	exception	10004c78	operator=
10004d04	FUN_10004d04	10005142	_free
10004d10	FID_conflict:_memcpy	1000577b	FUN_1000577b
10005071	FUN_10005071	100059b1	_atexit
10005071	FUN_10005071	10004bc9	FUN_10004bc9
10005071	FUN_10005071	1000553d	__CxxThrowException@8
10005071	FUN_10005071	1000517c	_malloc
10005071	FUN_10005071	100059d7	__callnewh
10005071	FUN_10005071	10004cdf	exception
100050f1	~type_info	100059ff	_Type_info_dtor
10005101	`scalar_deleting_destructor'	10004d04	FUN_10004d04
10005101	`scalar_deleting_destructor'	100050f1	~type_info
10005122	operator==	10005a70	_strcmp
10005142	_free	EXTERNAL:00000013	HeapFree
10005142	_free	10005b3a	__errno
10005142	_free	EXTERNAL:00000008	GetLastError
10005142	_free	10005af8	__get_errno_from_oserr
1000517c	_malloc	10005e6b	__NMSG_WRITE
1000517c	_malloc	10005b3a	__errno
1000517c	_malloc	10005baa	___crtExitProcess
1000517c	_malloc	1000601a	__FF_MSGBANNER
1000517c	_malloc	100059d7	__callnewh
1000517c	_malloc	EXTERNAL:00000014	HeapAlloc
10005210	_strstr	10006076	FUN_10006076
10005296	__purecall	10005e6b	__NMSG_WRITE
10005296	__purecall	10006161	__set_abort_behavior
10005296	__purecall	1000612e	_abort
10005296	__purecall	EXTERNAL:00000015	DecodePointer
100052c0	__CRT_INIT@12	10005142	_free
100052c0	__CRT_INIT@12	100061a3	___set_flsgetvalue
100052c0	__CRT_INIT@12	EXTERNAL:00000018	GetCommandLineA
100052c0	__CRT_INIT@12	10006214	__initptd
100052c0	__CRT_INIT@12	10005399	FUN_10005399
100052c0	__CRT_INIT@12	10005e18	__cexit
100052c0	__CRT_INIT@12	EXTERNAL:00000017	GetCurrentThreadId
100052c0	__CRT_INIT@12	EXTERNAL:00000015	DecodePointer
100052c0	__CRT_INIT@12	10005b4d	__heap_init
100052c0	__CRT_INIT@12	10006752	__ioinit
100052c0	__CRT_INIT@12	100061d7	__mtterm
100052c0	__CRT_INIT@12	100064f8	__mtinit
100052c0	__CRT_INIT@12	10006997	__ioterm
100052c0	__CRT_INIT@12	100069ea	__setenvp
100052c0	__CRT_INIT@12	1000648a	__freeptd
100052c0	__CRT_INIT@12	10005b6b	__heap_term
100052c0	__CRT_INIT@12	100066b8	__calloc_crt
100052c0	__CRT_INIT@12	10006e00	__SEH_prolog4
100052c0	__CRT_INIT@12	10006d1b	___crtGetEnvironmentStringsA
100052c0	__CRT_INIT@12	10006c60	__setargv
100052c0	__CRT_INIT@12	10006db2	__RTC_Initialize
100052c0	__CRT_INIT@12	10005c2b	__cinit
100052c0	__CRT_INIT@12	10006e45	__SEH_epilog4
10005399	FUN_10005399	100061d7	__mtterm
10005424	___DllMainCRTStartup	10006e00	__SEH_prolog4
10005424	___DllMainCRTStartup	100052c0	__CRT_INIT@12
10005424	___DllMainCRTStartup	10001360	FUN_10001360
10005424	___DllMainCRTStartup	10006e45	__SEH_epilog4
1000551a	entry	10007159	___security_init_cookie
1000551a	entry	10005424	___DllMainCRTStartup
1000553d	__CxxThrowException@8	EXTERNAL:00000019	RaiseException
10005589	___report_gsfailure	100071f4	FUN_100071f4
10005589	___report_gsfailure	EXTERNAL:0000001d	SetUnhandledExceptionFilter
10005589	___report_gsfailure	EXTERNAL:0000001e	IsDebuggerPresent
10005589	___report_gsfailure	EXTERNAL:0000001c	UnhandledExceptionFilter
10005589	___report_gsfailure	EXTERNAL:0000001b	GetCurrentProcess
10005589	___report_gsfailure	EXTERNAL:0000001a	TerminateProcess
1000568f	_strcpy_s	10005b3a	__errno
1000568f	_strcpy_s	10007386	FUN_10007386
1000588e	__onexit_nolock	10007396	__msize
1000588e	__onexit_nolock	EXTERNAL:00000015	DecodePointer
1000588e	__onexit_nolock	10006704	__realloc_crt
1000588e	__onexit_nolock	EXTERNAL:00000016	EncodePointer
10005975	__onexit	10005bc2	FUN_10005bc2
10005975	__onexit	10006e00	__SEH_prolog4
10005975	__onexit	1000588e	__onexit_nolock
10005975	__onexit	100059ab	FUN_100059ab
10005975	__onexit	10006e45	__SEH_epilog4
100059ab	FUN_100059ab	10005bcb	FUN_10005bcb
100059b1	_atexit	10005975	__onexit
100059d7	__callnewh	EXTERNAL:00000015	DecodePointer
100059ff	_Type_info_dtor	10005142	_free
100059ff	_Type_info_dtor	10006e00	__SEH_prolog4
100059ff	_Type_info_dtor	10007543	__lock
100059ff	_Type_info_dtor	10005a66	FUN_10005a66
100059ff	_Type_info_dtor	10006e45	__SEH_epilog4
10005a66	FUN_10005a66	1000746a	FUN_1000746a
10005b3a	__errno	100062c8	__getptd_noexit
10005b4d	__heap_init	EXTERNAL:00000020	HeapCreate
10005b6b	__heap_term	EXTERNAL:00000021	HeapDestroy
10005b7f	___crtCorExitProcess	EXTERNAL:00000023	GetModuleHandleW
10005b7f	___crtCorExitProcess	EXTERNAL:00000022	GetProcAddress
10005baa	___crtExitProcess	10005b7f	___crtCorExitProcess
10005baa	___crtExitProcess	EXTERNAL:00000024	ExitProcess
10005bc2	FUN_10005bc2	10007543	__lock
10005bcb	FUN_10005bcb	1000746a	FUN_1000746a
10005bd4	__init_pointers	1000796c	FUN_1000796c
10005bd4	__init_pointers	100071fc	FUN_100071fc
10005bd4	__init_pointers	10007756	FUN_10007756
10005bd4	__init_pointers	10007767	__initp_misc_winsig
10005bd4	__init_pointers	10006182	FUN_10006182
10005bd4	__init_pointers	10006191	FUN_10006191
10005bd4	__init_pointers	100059c8	FUN_100059c8
10005c2b	__cinit	100059b1	_atexit
10005c2b	__cinit	10005c07	__initterm_e
10005c2b	__cinit	10007a30	__IsNonwritableInCurrentImage
10005c2b	__cinit	1000797b	__initp_misc_cfltcvt_tab
10005cc2	doexit	10005baa	___crtExitProcess
10005cc2	doexit	10006e00	__SEH_prolog4
10005cc2	doexit	10007543	__lock
10005cc2	doexit	EXTERNAL:00000015	DecodePointer
10005cc2	doexit	10006191	FUN_10006191
10005cc2	doexit	10005ded	FUN_10005ded
10005cc2	doexit	1000746a	FUN_1000746a
10005cc2	doexit	10006e45	__SEH_epilog4
10005ded	FUN_10005ded	1000746a	FUN_1000746a
10005e02	__exit	10005cc2	doexit
10005e18	__cexit	10005cc2	doexit
10005e27	__amsg_exit	10005e6b	__NMSG_WRITE
10005e27	__amsg_exit	10005e02	__exit
10005e27	__amsg_exit	1000601a	__FF_MSGBANNER
10005e6b	__NMSG_WRITE	10007e18	__set_error_mode
10005e6b	__NMSG_WRITE	EXTERNAL:0000000c	WriteFile
10005e6b	__NMSG_WRITE	10007334	__invoke_watson
10005e6b	__NMSG_WRITE	10005e45	__GET_RTERRMSG
10005e6b	__NMSG_WRITE	10007ccd	_wcsncpy_s
10005e6b	__NMSG_WRITE	100056f0	_strlen
10005e6b	__NMSG_WRITE	EXTERNAL:00000026	GetModuleFileNameW
10005e6b	__NMSG_WRITE	10004bba	__security_check_cookie
10005e6b	__NMSG_WRITE	10007d9a	_wcslen
10005e6b	__NMSG_WRITE	10007c58	_wcscat_s
10005e6b	__NMSG_WRITE	10007aec	___crtMessageBoxW
10005e6b	__NMSG_WRITE	10007db5	_wcscpy_s
10005e6b	__NMSG_WRITE	EXTERNAL:00000025	GetStdHandle
1000601a	__FF_MSGBANNER	10005e6b	__NMSG_WRITE
1000601a	__FF_MSGBANNER	10007e18	__set_error_mode
1000612e	_abort	10005e02	__exit
1000612e	_abort	1000720b	__call_reportfault
1000612e	_abort	100077c9	_raise
1000612e	_abort	100077bc	FUN_100077bc
10006191	FUN_10006191	EXTERNAL:00000016	EncodePointer
100061a3	___set_flsgetvalue	EXTERNAL:00000028	TlsSetValue
100061a3	___set_flsgetvalue	EXTERNAL:00000027	TlsGetValue
100061a3	___set_flsgetvalue	EXTERNAL:00000015	DecodePointer
100061d7	__mtterm	EXTERNAL:00000029	TlsFree
100061d7	__mtterm	EXTERNAL:00000015	DecodePointer
100061d7	__mtterm	10007413	__mtdeletelocks
10006214	__initptd	10007efe	___addlocaleref
10006214	__initptd	100062bf	FUN_100062bf
10006214	__initptd	EXTERNAL:00000023	GetModuleHandleW
10006214	__initptd	100062b6	FUN_100062b6
10006214	__initptd	10006e00	__SEH_prolog4
10006214	__initptd	10007543	__lock
10006214	__initptd	EXTERNAL:0000002a	InterlockedIncrement
10006214	__initptd	10006e45	__SEH_epilog4
100062b6	FUN_100062b6	1000746a	FUN_1000746a
100062bf	FUN_100062bf	1000746a	FUN_1000746a
100062c8	__getptd_noexit	10005142	_free
100062c8	__getptd_noexit	100061a3	___set_flsgetvalue
100062c8	__getptd_noexit	10006214	__initptd
100062c8	__getptd_noexit	100066b8	__calloc_crt
100062c8	__getptd_noexit	EXTERNAL:00000017	GetCurrentThreadId
100062c8	__getptd_noexit	EXTERNAL:00000008	GetLastError
100062c8	__getptd_noexit	EXTERNAL:00000015	DecodePointer
100062c8	__getptd_noexit	EXTERNAL:0000002b	SetLastError
10006341	__getptd	10005e27	__amsg_exit
10006341	__getptd	100062c8	__getptd_noexit
1000635b	__freefls@4	10005142	_free
1000635b	__freefls@4	10007f8d	___removelocaleref
1000635b	__freefls@4	10008026	___freetlocinfo
1000635b	__freefls@4	EXTERNAL:0000002c	InterlockedDecrement
1000635b	__freefls@4	10006e00	__SEH_prolog4
1000635b	__freefls@4	10007543	__lock
1000635b	__freefls@4	10006475	FUN_10006475
1000635b	__freefls@4	10006481	FUN_10006481
1000635b	__freefls@4	10006e45	__SEH_epilog4
10006475	FUN_10006475	1000746a	FUN_1000746a
10006481	FUN_10006481	1000746a	FUN_1000746a
1000648a	__freeptd	EXTERNAL:00000028	TlsSetValue
1000648a	__freeptd	EXTERNAL:00000027	TlsGetValue
1000648a	__freeptd	EXTERNAL:00000015	DecodePointer
1000648a	__freeptd	1000635b	__freefls@4
100064f8	__mtinit	EXTERNAL:00000023	GetModuleHandleW
100064f8	__mtinit	EXTERNAL:00000007	TlsAlloc
100064f8	__mtinit	10005bd4	__init_pointers
100064f8	__mtinit	10006214	__initptd
100064f8	__mtinit	100066b8	__calloc_crt
100064f8	__mtinit	EXTERNAL:00000028	TlsSetValue
100064f8	__mtinit	100073c9	__mtinitlocks
100064f8	__mtinit	EXTERNAL:00000017	GetCurrentThreadId
100064f8	__mtinit	EXTERNAL:00000015	DecodePointer
100064f8	__mtinit	100061d7	__mtterm
100064f8	__mtinit	EXTERNAL:00000022	GetProcAddress
100064f8	__mtinit	EXTERNAL:00000016	EncodePointer
10006673	__malloc_crt	EXTERNAL:0000000e	Sleep
10006673	__malloc_crt	1000517c	_malloc
100066b8	__calloc_crt	EXTERNAL:0000000e	Sleep
100066b8	__calloc_crt	1000891b	__calloc_impl
10006704	__realloc_crt	1000899d	_realloc
10006704	__realloc_crt	EXTERNAL:0000000e	Sleep
10006752	__ioinit	EXTERNAL:0000002e	InitializeCriticalSectionAndSpinCount
10006752	__ioinit	100066b8	__calloc_crt
10006752	__ioinit	EXTERNAL:0000002f	GetFileType
10006752	__ioinit	EXTERNAL:00000030	GetStartupInfoW
10006752	__ioinit	EXTERNAL:0000002d	SetHandleCount
10006752	__ioinit	EXTERNAL:00000025	GetStdHandle
10006997	__ioterm	10005142	_free
10006997	__ioterm	EXTERNAL:00000031	DeleteCriticalSection
100069ea	__setenvp	10005142	_free
100069ea	__setenvp	1000568f	_strcpy_s
100069ea	__setenvp	100088fd	___initmbctable
100069ea	__setenvp	100066b8	__calloc_crt
100069ea	__setenvp	100056f0	_strlen
100069ea	__setenvp	10007334	__invoke_watson
10006ac6	parse_cmdline	10008a9d	__ismbblead
10006c60	__setargv	10006673	__malloc_crt
10006c60	__setargv	10006ac6	parse_cmdline
10006c60	__setargv	EXTERNAL:00000032	GetModuleFileNameA
10006c60	__setargv	100088fd	___initmbctable
10006d1b	___crtGetEnvironmentStringsA	10006673	__malloc_crt
10006d1b	___crtGetEnvironmentStringsA	10005142	_free
10006d1b	___crtGetEnvironmentStringsA	EXTERNAL:00000034	WideCharToMultiByte
10006d1b	___crtGetEnvironmentStringsA	EXTERNAL:00000035	GetEnvironmentStringsW
10006d1b	___crtGetEnvironmentStringsA	EXTERNAL:00000033	FreeEnvironmentStringsW
10006e60	__except_handler4	10007672	_EH4_CallFilterFunc
10006e60	__except_handler4	10007689	_EH4_TransferToHandler
10006e60	__except_handler4	10007a30	__IsNonwritableInCurrentImage
10006e60	__except_handler4	10004bba	__security_check_cookie
10006e60	__except_handler4	1000a0fd	___DestructExceptionObject
10006e60	__except_handler4	100076a2	_EH4_GlobalUnwind2
10006e60	__except_handler4	100076bb	_EH4_LocalUnwind
10006fef	__XcptFilter	100062c8	__getptd_noexit
10007139	___CppXcptFilter	10006fef	__XcptFilter
10007159	___security_init_cookie	EXTERNAL:00000039	GetSystemTimeAsFileTime
10007159	___security_init_cookie	EXTERNAL:00000036	QueryPerformanceCounter
10007159	___security_init_cookie	EXTERNAL:00000017	GetCurrentThreadId
10007159	___security_init_cookie	EXTERNAL:00000038	GetCurrentProcessId
10007159	___security_init_cookie	EXTERNAL:00000037	GetTickCount
1000720b	__call_reportfault	100071f4	FUN_100071f4
1000720b	__call_reportfault	10008ac0	_memset
1000720b	__call_reportfault	EXTERNAL:0000001d	SetUnhandledExceptionFilter
1000720b	__call_reportfault	EXTERNAL:0000001e	IsDebuggerPresent
1000720b	__call_reportfault	EXTERNAL:0000001c	UnhandledExceptionFilter
1000720b	__call_reportfault	10004bba	__security_check_cookie
10007334	__invoke_watson	1000720b	__call_reportfault
10007334	__invoke_watson	EXTERNAL:0000001b	GetCurrentProcess
10007334	__invoke_watson	EXTERNAL:0000001a	TerminateProcess
10007359	__invalid_parameter	EXTERNAL:00000015	DecodePointer
10007359	__invalid_parameter	10007334	__invoke_watson
10007386	FUN_10007386	10007359	__invalid_parameter
10007396	__msize	EXTERNAL:0000003a	HeapSize
10007396	__msize	10005b3a	__errno
10007396	__msize	10007386	FUN_10007386
100073c9	__mtinitlocks	EXTERNAL:0000002e	InitializeCriticalSectionAndSpinCount
10007413	__mtdeletelocks	10005142	_free
10007413	__mtdeletelocks	EXTERNAL:00000031	DeleteCriticalSection
1000746a	FUN_1000746a	EXTERNAL:0000003b	LeaveCriticalSection
10007481	__mtinitlocknum	10005e6b	__NMSG_WRITE
10007481	__mtinitlocknum	10006673	__malloc_crt
10007481	__mtinitlocknum	10005142	_free
10007481	__mtinitlocknum	EXTERNAL:0000002e	InitializeCriticalSectionAndSpinCount
10007481	__mtinitlocknum	1000753a	FUN_1000753a
10007481	__mtinitlocknum	10005b3a	__errno
10007481	__mtinitlocknum	10005baa	___crtExitProcess
10007481	__mtinitlocknum	10006e00	__SEH_prolog4
10007481	__mtinitlocknum	1000601a	__FF_MSGBANNER
10007481	__mtinitlocknum	10007543	__lock
10007481	__mtinitlocknum	10006e45	__SEH_epilog4
1000753a	FUN_1000753a	1000746a	FUN_1000746a
10007543	__lock	10005e27	__amsg_exit
10007543	__lock	10007481	__mtinitlocknum
10007543	__lock	EXTERNAL:0000003c	EnterCriticalSection
10007580	__local_unwind4	10008cf5	__NLG_Notify
10007580	__local_unwind4	10008d14	FUN_10008d14
10007656	__seh_longjmp_unwind4@4	10007580	__local_unwind4
10007689	_EH4_TransferToHandler	10008cf5	__NLG_Notify
100076a2	_EH4_GlobalUnwind2	10009b12	RtlUnwind
100076bb	_EH4_LocalUnwind	10007580	__local_unwind4
100076d2	terminate	10006341	__getptd
100076d2	terminate	10006e00	__SEH_prolog4
100076d2	terminate	1000612e	_abort
1000770b	FUN_1000770b	10006341	__getptd
1000770b	FUN_1000770b	100076d2	terminate
1000771e	_inconsistency	10006e00	__SEH_prolog4
1000771e	_inconsistency	EXTERNAL:00000015	DecodePointer
1000771e	_inconsistency	100076d2	terminate
10007756	FUN_10007756	EXTERNAL:00000016	EncodePointer
100077bc	FUN_100077bc	EXTERNAL:00000015	DecodePointer
100077c9	_raise	10007930	FUN_10007930
100077c9	_raise	100062c8	__getptd_noexit
100077c9	_raise	10005b3a	__errno
100077c9	_raise	10005e02	__exit
100077c9	_raise	10006e00	__SEH_prolog4
100077c9	_raise	10007785	siglookup
100077c9	_raise	EXTERNAL:00000015	DecodePointer
100077c9	_raise	10007543	__lock
100077c9	_raise	10007386	FUN_10007386
100077c9	_raise	10006191	FUN_10006191
100077c9	_raise	10006e45	__SEH_epilog4
10007930	FUN_10007930	1000746a	FUN_1000746a
1000797b	__initp_misc_cfltcvt_tab	EXTERNAL:00000016	EncodePointer
10007a30	__IsNonwritableInCurrentImage	100079e0	__FindPESection
10007a30	__IsNonwritableInCurrentImage	100079a0	__ValidateImageBase
10007aec	___crtMessageBoxW	EXTERNAL:00000015	DecodePointer
10007aec	___crtMessageBoxW	EXTERNAL:0000003e	LoadLibraryW
10007aec	___crtMessageBoxW	10004bba	__security_check_cookie
10007aec	___crtMessageBoxW	10006191	FUN_10006191
10007aec	___crtMessageBoxW	EXTERNAL:00000022	GetProcAddress
10007aec	___crtMessageBoxW	EXTERNAL:00000016	EncodePointer
10007c58	_wcscat_s	10005b3a	__errno
10007c58	_wcscat_s	10007386	FUN_10007386
10007ccd	_wcsncpy_s	10005b3a	__errno
10007ccd	_wcsncpy_s	10007386	FUN_10007386
10007db5	_wcscpy_s	10005b3a	__errno
10007db5	_wcscpy_s	10007386	FUN_10007386
10007e18	__set_error_mode	10005b3a	__errno
10007e18	__set_error_mode	10007386	FUN_10007386
10007e57	__freea	10005142	_free
10007e77	_LocaleUpdate	100081be	___updatetlocinfo
10007e77	_LocaleUpdate	10006341	__getptd
10007e77	_LocaleUpdate	1000845a	___updatetmbcinfo
10007efe	___addlocaleref	EXTERNAL:0000002a	InterlockedIncrement
10007f8d	___removelocaleref	EXTERNAL:0000002c	InterlockedDecrement
10008026	___freetlocinfo	10005142	_free
10008026	___freetlocinfo	100090bc	___free_lc_time
10008026	___freetlocinfo	1000949c	___free_lconv_mon
10008026	___freetlocinfo	10009433	___free_lconv_num
10008171	__updatetlocinfoEx_nolock	10007efe	___addlocaleref
10008171	__updatetlocinfoEx_nolock	10007f8d	___removelocaleref
10008171	__updatetlocinfoEx_nolock	10008026	___freetlocinfo
100081be	___updatetlocinfo	10005e27	__amsg_exit
100081be	___updatetlocinfo	1000822b	FUN_1000822b
100081be	___updatetlocinfo	10006341	__getptd
100081be	___updatetlocinfo	10006e00	__SEH_prolog4
100081be	___updatetlocinfo	10007543	__lock
100081be	___updatetlocinfo	10008171	__updatetlocinfoEx_nolock
100081be	___updatetlocinfo	10006e45	__SEH_epilog4
1000822b	FUN_1000822b	1000746a	FUN_1000746a
10008266	setSBCS	10008ac0	_memset
100082ca	setSBUpLow	10008ac0	_memset
100082ca	setSBUpLow	10009781	___crtLCMapStringA
100082ca	setSBUpLow	100098ae	___crtGetStringTypeA
100082ca	setSBUpLow	10004bba	__security_check_cookie
100082ca	setSBUpLow	EXTERNAL:0000003f	GetCPInfo
1000845a	___updatetmbcinfo	10005e27	__amsg_exit
1000845a	___updatetmbcinfo	10005142	_free
1000845a	___updatetmbcinfo	100084f5	FUN_100084f5
1000845a	___updatetmbcinfo	10006341	__getptd
1000845a	___updatetmbcinfo	EXTERNAL:0000002c	InterlockedDecrement
1000845a	___updatetmbcinfo	10006e00	__SEH_prolog4
1000845a	___updatetmbcinfo	10007543	__lock
1000845a	___updatetmbcinfo	EXTERNAL:0000002a	InterlockedIncrement
1000845a	___updatetmbcinfo	10006e45	__SEH_epilog4
100084f5	FUN_100084f5	1000746a	FUN_1000746a
100084fe	getSystemCP	EXTERNAL:00000012	GetOEMCP
100084fe	getSystemCP	EXTERNAL:00000040	GetACP
100084fe	getSystemCP	10007e77	_LocaleUpdate
1000857a	__setmbcp_nolock	EXTERNAL:00000011	IsValidCodePage
1000857a	__setmbcp_nolock	10008ac0	_memset
1000857a	__setmbcp_nolock	10008266	setSBCS
1000857a	__setmbcp_nolock	100084fe	getSystemCP
1000857a	__setmbcp_nolock	10004bba	__security_check_cookie
1000857a	__setmbcp_nolock	EXTERNAL:0000003f	GetCPInfo
1000857a	__setmbcp_nolock	10008237	CPtoLCID
1000857a	__setmbcp_nolock	100082ca	setSBUpLow
10008763	__setmbcp	10006673	__malloc_crt
10008763	__setmbcp	10005142	_free
10008763	__setmbcp	10006341	__getptd
10008763	__setmbcp	10005b3a	__errno
10008763	__setmbcp	10007543	__lock
10008763	__setmbcp	100088c4	FUN_100088c4
10008763	__setmbcp	1000845a	___updatetmbcinfo
10008763	__setmbcp	EXTERNAL:0000002c	InterlockedDecrement
10008763	__setmbcp	10006e00	__SEH_prolog4
10008763	__setmbcp	100084fe	getSystemCP
10008763	__setmbcp	1000857a	__setmbcp_nolock
10008763	__setmbcp	EXTERNAL:0000002a	InterlockedIncrement
10008763	__setmbcp	10006e45	__SEH_epilog4
100088c4	FUN_100088c4	1000746a	FUN_1000746a
100088fd	___initmbctable	10008763	__setmbcp
1000891b	__calloc_impl	10005b3a	__errno
1000891b	__calloc_impl	100059d7	__callnewh
1000891b	__calloc_impl	EXTERNAL:00000014	HeapAlloc
1000899d	_realloc	10005142	_free
1000899d	_realloc	10005b3a	__errno
1000899d	_realloc	EXTERNAL:00000008	GetLastError
1000899d	_realloc	1000517c	_malloc
1000899d	_realloc	EXTERNAL:00000010	HeapReAlloc
1000899d	_realloc	100059d7	__callnewh
1000899d	_realloc	10005af8	__get_errno_from_oserr
10008a4a	x_ismbbtype_l	10007e77	_LocaleUpdate
10008a9d	__ismbblead	10008a4a	x_ismbbtype_l
10008ac0	_memset	100098ee	__VEC_memzero
10008be0	__global_unwind2	10009b12	RtlUnwind
10008c45	__local_unwind2	10008cf5	__NLG_Notify
10008c45	__local_unwind2	10008d14	FUN_10008d14
10008d20	FID_conflict:_memcpy	1000577b	FUN_1000577b
10009090	__alloca_probe_16	100099b0	__alloca_probe
100090a6	__alloca_probe_8	100099b0	__alloca_probe
100090bc	___free_lc_time	10005142	_free
10009433	___free_lconv_num	10005142	_free
1000949c	___free_lconv_mon	10005142	_free
1000959a	__crtLCMapStringA_stat	EXTERNAL:00000034	WideCharToMultiByte
1000959a	__crtLCMapStringA_stat	10009090	__alloca_probe_16
1000959a	__crtLCMapStringA_stat	EXTERNAL:0000000f	LCMapStringW
1000959a	__crtLCMapStringA_stat	10004bba	__security_check_cookie
1000959a	__crtLCMapStringA_stat	EXTERNAL:00000009	MultiByteToWideChar
1000959a	__crtLCMapStringA_stat	1000517c	_malloc
1000959a	__crtLCMapStringA_stat	10007e57	__freea
10009781	___crtLCMapStringA	10007e77	_LocaleUpdate
10009781	___crtLCMapStringA	1000959a	__crtLCMapStringA_stat
100097c7	__crtGetStringTypeA_stat	10008ac0	_memset
100097c7	__crtGetStringTypeA_stat	10009090	__alloca_probe_16
100097c7	__crtGetStringTypeA_stat	EXTERNAL:00000006	GetStringTypeW
100097c7	__crtGetStringTypeA_stat	10004bba	__security_check_cookie
100097c7	__crtGetStringTypeA_stat	EXTERNAL:00000009	MultiByteToWideChar
100097c7	__crtGetStringTypeA_stat	1000517c	_malloc
100097c7	__crtGetStringTypeA_stat	10007e57	__freea
100098ae	___crtGetStringTypeA	10007e77	_LocaleUpdate
100098ae	___crtGetStringTypeA	100097c7	__crtGetStringTypeA_stat
10009b51	_UnwindNestedFrames	10009b12	RtlUnwind
10009ba5	FID_conflict:___CxxFrameHandler3	1000aaf3	___InternalCxxFrameHandler
10009bdb	CatchGuardHandler	1000aaf3	___InternalCxxFrameHandler
10009bdb	CatchGuardHandler	10004bba	__security_check_cookie
10009c0e	_CallSETranslator	10006341	__getptd
10009ce5	TranslatorGuardHandler	10009c0e	_CallSETranslator
10009ce5	TranslatorGuardHandler	1000aaf3	___InternalCxxFrameHandler
10009ce5	TranslatorGuardHandler	10004bba	__security_check_cookie
10009ce5	TranslatorGuardHandler	10009b51	_UnwindNestedFrames
10009d84	_GetRangeOfTrysToCheck	1000771e	_inconsistency
10009df7	__CreateFrameInfo	10006341	__getptd
10009e23	__IsExceptionObjectToBeDestroyed	10006341	__getptd
10009e4a	__FindAndUnlinkFrame	10006341	__getptd
10009e4a	__FindAndUnlinkFrame	1000771e	_inconsistency
10009e9c	_CallCatchBlock2	1000abe0	__CallSettingFrame@12
10009f07	FUN_10009f07	10004d04	FUN_10004d04
10009f07	FUN_10009f07	10004cad	FUN_10004cad
10009f2e	___TypeMatch	10005a70	_strcmp
10009f8d	___FrameUnwindFilter	10006341	__getptd
10009f8d	___FrameUnwindFilter	100076d2	terminate
10009fdc	___FrameUnwindToState	10006341	__getptd
10009fdc	___FrameUnwindToState	1000771e	_inconsistency
10009fdc	___FrameUnwindToState	1000a09e	FUN_1000a09e
10009fdc	___FrameUnwindToState	10006e00	__SEH_prolog4
10009fdc	___FrameUnwindToState	1000abe0	__CallSettingFrame@12
10009fdc	___FrameUnwindToState	10006e45	__SEH_epilog4
1000a09e	FUN_1000a09e	10006341	__getptd
1000a0b8	ExFilterRethrow	10006341	__getptd
1000a0fd	___DestructExceptionObject	10006e00	__SEH_prolog4
1000a0fd	___DestructExceptionObject	10009b4a	FID_conflict:_CallMemberFunction1
1000a0fd	___DestructExceptionObject	10006e45	__SEH_epilog4
1000a17b	IsInExceptionSpec	1000771e	_inconsistency
1000a17b	IsInExceptionSpec	10009f2e	___TypeMatch
1000a17b	IsInExceptionSpec	100076d2	terminate
1000a1f6	FUN_1000a1f6	10006341	__getptd
1000a1f6	FUN_1000a1f6	1000771e	_inconsistency
1000a1f6	FUN_1000a1f6	1000ac2c	__EH_prolog3_catch
1000a1f6	FUN_1000a1f6	1000770b	FUN_1000770b
1000a1f6	FUN_1000a1f6	100076d2	terminate
1000a227	Catch_All@1000a227	10006341	__getptd
1000a227	Catch_All@1000a227	1000553d	__CxxThrowException@8
1000a23f	CallCatchBlock	10006341	__getptd
1000a23f	CallCatchBlock	10009df7	__CreateFrameInfo
1000a23f	CallCatchBlock	10006e00	__SEH_prolog4
1000a23f	CallCatchBlock	1000a365	FUN_1000a365
1000a23f	CallCatchBlock	10009e9c	_CallCatchBlock2
1000a23f	CallCatchBlock	10006e45	__SEH_epilog4
1000a365	FUN_1000a365	10006341	__getptd
1000a365	FUN_1000a365	10009e4a	__FindAndUnlinkFrame
1000a365	FUN_1000a365	10009e23	__IsExceptionObjectToBeDestroyed
1000a365	FUN_1000a365	1000a0fd	___DestructExceptionObject
1000a3db	___BuildCatchObjectHelper	1000a152	___AdjustPointer
1000a3db	___BuildCatchObjectHelper	10004d10	FID_conflict:_memcpy
1000a3db	___BuildCatchObjectHelper	1000ac62	_ValidateRead
1000a3db	___BuildCatchObjectHelper	1000771e	_inconsistency
1000a3db	___BuildCatchObjectHelper	10006e00	__SEH_prolog4
1000a3db	___BuildCatchObjectHelper	10006e45	__SEH_epilog4
1000a55a	___BuildCatchObject	1000a152	___AdjustPointer
1000a55a	___BuildCatchObject	10006e00	__SEH_prolog4
1000a55a	___BuildCatchObject	10009b4a	FID_conflict:_CallMemberFunction1
1000a55a	___BuildCatchObject	1000a3db	___BuildCatchObjectHelper
1000a55a	___BuildCatchObject	10006e45	__SEH_epilog4
1000a5ec	CatchIt	10009b18	_JumpToContinuation
1000a5ec	CatchIt	1000a55a	___BuildCatchObject
1000a5ec	CatchIt	1000a23f	CallCatchBlock
1000a5ec	CatchIt	10009b51	_UnwindNestedFrames
1000a5ec	CatchIt	10009fdc	___FrameUnwindToState
1000a65a	FindHandlerForForeignException	1000a5ec	CatchIt
1000a65a	FindHandlerForForeignException	10006341	__getptd
1000a65a	FindHandlerForForeignException	1000771e	_inconsistency
1000a65a	FindHandlerForForeignException	10009c0e	_CallSETranslator
1000a65a	FindHandlerForForeignException	10009d84	_GetRangeOfTrysToCheck
1000a65a	FindHandlerForForeignException	10006191	FUN_10006191
1000a761	FindHandler	1000ac62	_ValidateRead
1000a761	FindHandler	1000a65a	FindHandlerForForeignException
1000a761	FindHandler	10006341	__getptd
1000a761	FindHandler	1000a1f6	FUN_1000a1f6
1000a761	FindHandler	10009f2e	___TypeMatch
1000a761	FindHandler	10009b51	_UnwindNestedFrames
1000a761	FindHandler	100076d2	terminate
1000a761	FindHandler	1000a0fd	___DestructExceptionObject
1000a761	FindHandler	1000a17b	IsInExceptionSpec
1000a761	FindHandler	1000a5ec	CatchIt
1000a761	FindHandler	1000771e	_inconsistency
1000a761	FindHandler	10005122	operator==
1000a761	FindHandler	1000553d	__CxxThrowException@8
1000a761	FindHandler	10009d84	_GetRangeOfTrysToCheck
1000a761	FindHandler	10004c51	exception
1000a761	FindHandler	10009fdc	___FrameUnwindToState
1000aad6	FUN_1000aad6	10004cdf	exception
1000aaf3	___InternalCxxFrameHandler	10006341	__getptd
1000aaf3	___InternalCxxFrameHandler	1000a761	FindHandler
1000aaf3	___InternalCxxFrameHandler	10009fdc	___FrameUnwindToState
1000abe0	__CallSettingFrame@12	10008cec	__NLG_Notify1
1000aca0	Unwind@1000aca0	10003c40	FUN_10003c40
1000acab	Unwind@1000acab	10003c40	FUN_10003c40
1000accd	Unwind@1000accd	10003c40	FUN_10003c40
1000acef	Unwind@1000acef	10003c40	FUN_10003c40
1000ad11	Unwind@1000ad11	10003c40	FUN_10003c40
1000ad60	Unwind@1000ad60	10003c40	FUN_10003c40
1000ad6b	Unwind@1000ad6b	10003c40	FUN_10003c40
1000ad8d	Unwind@1000ad8d	10003c40	FUN_10003c40
1000adaf	Unwind@1000adaf	10003c40	FUN_10003c40
1000add1	Unwind@1000add1	10003c40	FUN_10003c40
1000adf3	Unwind@1000adf3	10003c40	FUN_10003c40
1000ae12	Unwind@1000ae12	10003c40	FUN_10003c40
1000ae1d	Unwind@1000ae1d	10003c40	FUN_10003c40
1000ae28	Unwind@1000ae28	10003c40	FUN_10003c40
1000ae33	Unwind@1000ae33	10003c40	FUN_10003c40
1000ae70	Unwind@1000ae70	10003c40	FUN_10003c40
1000ae7b	Unwind@1000ae7b	10003c40	FUN_10003c40
1000ae9d	Unwind@1000ae9d	10003c40	FUN_10003c40
1000aebf	Unwind@1000aebf	10003c40	FUN_10003c40
1000aee1	Unwind@1000aee1	10003c40	FUN_10003c40
1000af00	Unwind@1000af00	10003c40	FUN_10003c40
1000af6b	FUN_1000af6b	10004cad	FUN_10004cad
