address	name	body_bytes	decompiled	signature
10001010	FUN_10001010	39	true	void * __thiscall FUN_10001010(void * this, byte param_1)
10001040	FUN_10001040	139	true	uint __thiscall FUN_10001040(void * this, undefined2 * param_1, size_t param_2, size_t * param_3, undefined4 * param_4)
100010d0	FUN_100010d0	134	true	undefined4 __thiscall FUN_100010d0(void * this, int param_1)
10001160	FUN_10001160	114	true	undefined __stdcall FUN_10001160(void)
100011e0	FUN_100011e0	85	true	undefined __fastcall FUN_100011e0(int param_1)
10001240	FUN_10001240	116	true	undefined __stdcall FUN_10001240(uint param_1)
100012c0	FUN_100012c0	84	true	int __fastcall FUN_100012c0(uint param_1)
10001320	FUN_10001320	28	true	void * __thiscall FUN_10001320(void * this, exception * param_1)
10001340	operator=	25	true	CKB75HWI * __thiscall operator=(CKB75HWI * this, CKB75HWI * param_1)
10001360	FUN_10001360	26	true	undefined4 __stdcall FUN_10001360(undefined4 param_1, int param_2)
10001380	KeyBoardProc	86	true	long __stdcall KeyBoardProc(int param_1, uint param_2, long param_3)
100013f0	InstallHook	40	true	void __cdecl InstallHook(HWND__ * param_1)
10001420	UninstallHook	13	true	void __cdecl UninstallHook(void)
10001430	FUN_10001430	6	true	wchar_t * __stdcall FUN_10001430(void)
10001440	FUN_10001440	6	true	undefined2 * __stdcall FUN_10001440(void)
10001450	FUN_10001450	57	true	undefined __stdcall FUN_10001450(void)
10001490	FUN_10001490	63	true	undefined __stdcall FUN_10001490(void)
100014d0	read_key_configuration_stream	888	true	undefined1 __thiscall read_key_configuration_stream(void * this, HWND param_1)
10001860	write_key_configuration_stream	542	true	bool __thiscall write_key_configuration_stream(void * this, HWND param_1)
10001a80	read_rgb_configuration_stream	233	true	undefined1 __stdcall read_rgb_configuration_stream(void)
10001b70	read_press_counter_stream	236	true	undefined1 __stdcall read_press_counter_stream(void)
10001c60	CKB75HWI	16	true	undefined __thiscall CKB75HWI(CKB75HWI * this)
10001c70	~CKB75HWI	76	true	void __thiscall ~CKB75HWI(CKB75HWI * this)
10001cc0	__createDev	85	true	bool __thiscall __createDev(CKB75HWI * this)
10001d20	__closeDev	80	true	bool __thiscall __closeDev(CKB75HWI * this)
10001d70	getHardwareVersion	26	true	wchar_t * __thiscall getHardwareVersion(CKB75HWI * this)
10001d90	setKeyConfiguration	668	true	bool __thiscall setKeyConfiguration(CKB75HWI * this, int param_1, int param_2, int * param_3, int param_4)
10002040	setKeyboardLightArea	287	true	bool __thiscall setKeyboardLightArea(CKB75HWI * this, int * param_1)
10002160	getKeyConfiguration	333	true	bool __thiscall getKeyConfiguration(CKB75HWI * this, int param_1, int param_2, int * param_3, int param_4)
100022e0	getKeyboardLightArea	86	true	bool __thiscall getKeyboardLightArea(CKB75HWI * this, int * param_1)
10002340	prepare	52	true	bool __thiscall prepare(CKB75HWI * this)
10002380	writeKeyConfigurationToDev	12	true	bool __thiscall writeKeyConfigurationToDev(CKB75HWI * this, HWND__ * param_1)
10002390	readKeyDefinationFromDev	12	true	bool __thiscall readKeyDefinationFromDev(CKB75HWI * this, HWND__ * param_1)
100023a0	readKeyLightFromDev	11	true	bool __thiscall readKeyLightFromDev(CKB75HWI * this)
100023b0	WriteFirmwareToKeyboard	25	true	bool __thiscall WriteFirmwareToKeyboard(CKB75HWI * this, char * param_1, int param_2, HWND__ * param_3)
100023d0	ReadKeyboardVersion	13	true	bool __thiscall ReadKeyboardVersion(CKB75HWI * this, wchar_t * param_1)
100023e0	DetectDevice	5	true	bool __thiscall DetectDevice(CKB75HWI * this)
100023f0	getPressCounterFromDev	42	true	bool __thiscall getPressCounterFromDev(CKB75HWI * this, int * param_1)
10002420	DetectDeviceType	5	true	int __thiscall DetectDeviceType(CKB75HWI * this)
10002430	DetectDeviceForMac	5	true	int __thiscall DetectDeviceForMac(CKB75HWI * this)
10002440	FUN_10002440	40	true	undefined __stdcall FUN_10002440(void)
10002470	FUN_10002470	181	true	undefined4 __thiscall FUN_10002470(void * this, LPWSTR param_1)
10002530	FUN_10002530	1307	true	undefined4 __stdcall FUN_10002530(void)
10002a50	FUN_10002a50	1261	true	undefined4 __stdcall FUN_10002a50(void)
10002f40	FUN_10002f40	1540	true	undefined4 __stdcall FUN_10002f40(void)
10003550	FUN_10003550	1111	true	undefined4 __stdcall FUN_10003550(void)
100039b0	send_firmware_text_records	430	true	uint __fastcall send_firmware_text_records(HWND param_1, char * param_2, undefined4 * param_3, int param_4)
10003b70	parse_firmware_record_hex	199	true	undefined * __cdecl parse_firmware_record_hex(int * param_1)
10003c40	FUN_10003c40	37	true	undefined __stdcall FUN_10003c40(void)
10003c70	FUN_10003c70	44	true	undefined __fastcall FUN_10003c70(uint param_1, int * param_2)
10003ca0	FUN_10003ca0	34	true	undefined __fastcall FUN_10003ca0(void * param_1)
10003cd0	FUN_10003cd0	168	true	undefined __stdcall FUN_10003cd0(int * param_1, uint param_2)
10003d80	FUN_10003d80	189	true	int __stdcall FUN_10003d80(ushort * param_1, ushort * param_2, uint param_3)
10003e40	FUN_10003e40	104	true	uint __thiscall FUN_10003e40(void * this, ushort * param_1)
10003eb0	FUN_10003eb0	258	true	void * __thiscall FUN_10003eb0(void * this, uint param_1)
10003fc0	FUN_10003fc0	121	true	undefined __fastcall FUN_10003fc0(uint param_1)
10004040	FUN_10004040	73	true	bool __stdcall FUN_10004040(void)
10004090	FUN_10004090	184	true	undefined __stdcall FUN_10004090(int param_1, uint param_2)
10004148	Catch_All@10004148	30	true	undefined * __stdcall Catch_All@10004148(void)
1000416f	FUN_1000416f	96	true	undefined __stdcall FUN_1000416f(void)
100041cf	Catch_All@100041cf	46	true	undefined __stdcall Catch_All@100041cf(void)
10004200	FUN_10004200	80	true	int __fastcall FUN_10004200(uint param_1)
10004250	hid_write_report	36	true	bool __thiscall hid_write_report(void * this, LPCVOID param_1, DWORD param_2)
10004280	hid_read_payload	120	true	undefined4 __thiscall hid_read_payload(void * this, void * param_1, size_t * param_2)
10004300	FUN_10004300	33	true	undefined __fastcall FUN_10004300(undefined4 param_1, undefined4 param_2)
10004330	FUN_10004330	126	true	undefined __stdcall FUN_10004330(int param_1, undefined4 param_2)
100043b0	FUN_100043b0	331	true	undefined4 __thiscall FUN_100043b0(void * this, undefined4 * param_1, void * param_2, int * param_3)
10004500	FUN_10004500	1250	true	undefined4 __thiscall FUN_10004500(void * this, int param_1, int param_2, void * param_3)
100049f0	FUN_100049f0	120	true	uint __thiscall FUN_100049f0(void * this, undefined2 * param_1, size_t param_2, size_t * param_3, undefined4 * param_4)
10004a70	FUN_10004a70	106	true	undefined4 __thiscall FUN_10004a70(void * this, int param_1)
10004ae2	FUN_10004ae2	29	true	void * __thiscall FUN_10004ae2(void * this, exception * param_1)
10004aff	FUN_10004aff	47	true	undefined __stdcall FUN_10004aff(char * param_1)
10004b2f	FUN_10004b2f	29	true	void * __thiscall FUN_10004b2f(void * this, exception * param_1)
10004b4c	FUN_10004b4c	47	true	undefined __stdcall FUN_10004b4c(char * param_1)
10004b7c	FUN_10004b7c	29	true	void * __thiscall FUN_10004b7c(void * this, exception * param_1)
10004b99	FUN_10004b99	33	true	void * __thiscall FUN_10004b99(void * this, byte param_1)
10004bba	__security_check_cookie	15	true	void __fastcall __security_check_cookie(uintptr_t _StackCookie)
10004bc9	FUN_10004bc9	29	true	undefined __thiscall FUN_10004bc9(void * this, undefined4 * param_1)
10004be6	FUN_10004be6	13	true	char * __fastcall FUN_10004be6(int param_1)
10004bf3	_Copy_str	64	true	void __thiscall _Copy_str(exception * this, char * param_1)
10004c33	_Tidy	30	true	void __thiscall _Tidy(exception * this)
10004c51	exception	39	true	undefined __thiscall exception(exception * this, char * * param_1)
10004c78	operator=	53	true	exception * __thiscall operator=(exception * this, exception * param_1)
10004cad	FUN_10004cad	11	true	undefined __fastcall FUN_10004cad(exception * param_1)
10004cb8	FUN_10004cb8	39	true	void * __thiscall FUN_10004cb8(void * this, byte param_1)
10004cdf	exception	37	true	undefined __thiscall exception(exception * this, exception * param_1)
10004d04	FUN_10004d04	11	true	undefined __cdecl FUN_10004d04(void * param_1)
10004d10	FID_conflict:_memcpy	708	true	void * __cdecl FID_conflict:_memcpy(void * _Dst, void * _Src, size_t _Size)
10005071	FUN_10005071	127	true	undefined __cdecl FUN_10005071(size_t param_1)
100050f1	~type_info	16	true	void __thiscall ~type_info(type_info * this)
10005101	`scalar_deleting_destructor'	33	true	void * __thiscall `scalar_deleting_destructor'(type_info * this, uint param_1)
10005122	operator==	32	true	bool __thiscall operator==(type_info * this, type_info * param_1)
10005142	_free	58	true	void __cdecl _free(void * _Memory)
1000517c	_malloc	146	true	void * __cdecl _malloc(size_t _Size)
10005210	_strstr	134	true	char * __cdecl _strstr(char * _Str, char * _SubStr)
10005296	__purecall	42	true	undefined __stdcall __purecall(void)
100052c0	__CRT_INIT@12	332	true	undefined4 __stdcall __CRT_INIT@12(undefined4 param_1, int param_2, int param_3)
10005399	FUN_10005399	20	true	undefined __stdcall FUN_10005399(void)
10005424	___DllMainCRTStartup	226	true	int __fastcall ___DllMainCRTStartup(int param_1, int param_2, undefined4 param_3)
1000551a	entry	35	true	undefined __stdcall entry(undefined4 param_1, int param_2, int param_3)
1000553d	__CxxThrowException@8	76	true	noreturn undefined __stdcall __CxxThrowException@8(undefined4 param_1, byte * param_2)
10005589	___report_gsfailure	262	true	noreturn void __cdecl ___report_gsfailure(void)
1000568f	_strcpy_s	95	true	errno_t __cdecl _strcpy_s(char * _Dst, rsize_t _SizeInBytes, char * _Src)
100056f0	_strlen	139	true	size_t __cdecl _strlen(char * _Str)
1000577b	FUN_1000577b	253	true	undefined4 * __fastcall FUN_1000577b(uint param_1)
1000588e	__onexit_nolock	182	true	PVOID __cdecl __onexit_nolock(PVOID param_1)
10005975	__onexit	54	true	_onexit_t __cdecl __onexit(_onexit_t _Func)
100059ab	FUN_100059ab	6	true	undefined __stdcall FUN_100059ab(void)
100059b1	_atexit	23	true	int __cdecl _atexit(_func_4879 * param_1)
100059c8	FUN_100059c8	15	true	undefined __cdecl FUN_100059c8(undefined4 param_1)
100059d7	__callnewh	40	true	int __cdecl __callnewh(size_t _Size)
100059ff	_Type_info_dtor	103	true	void __cdecl _Type_info_dtor(type_info * param_1)
10005a66	FUN_10005a66	9	true	undefined __stdcall FUN_10005a66(void)
10005a70	_strcmp	135	true	int __cdecl _strcmp(char * _Str1, char * _Str2)
10005af8	__get_errno_from_oserr	66	true	int __cdecl __get_errno_from_oserr(ulong param_1)
10005b3a	__errno	19	true	int * __cdecl __errno(void)
10005b4d	__heap_init	30	true	int __cdecl __heap_init(void)
10005b6b	__heap_term	20	true	void __cdecl __heap_term(void)
10005b7f	___crtCorExitProcess	43	true	void __cdecl ___crtCorExitProcess(int param_1)
10005baa	___crtExitProcess	23	true	noreturn void __cdecl ___crtExitProcess(int param_1)
10005bc2	FUN_10005bc2	9	true	undefined __stdcall FUN_10005bc2(void)
10005bcb	FUN_10005bcb	9	true	undefined __stdcall FUN_10005bcb(void)
10005bd4	__init_pointers	51	true	void __cdecl __init_pointers(void)
10005c07	__initterm_e	36	true	undefined __cdecl __initterm_e(undefined4 * param_1, undefined4 * param_2)
10005c2b	__cinit	151	true	int __cdecl __cinit(int param_1)
10005cc2	doexit	305	true	undefined __cdecl doexit(int param_1, int param_2, int param_3)
10005ded	FUN_10005ded	15	true	undefined __stdcall FUN_10005ded(void)
10005e02	__exit	22	true	noreturn void __cdecl __exit(int _Code)
10005e18	__cexit	15	true	void __cdecl __cexit(void)
10005e27	__amsg_exit	29	true	void __cdecl __amsg_exit(int param_1)
10005e45	__GET_RTERRMSG	38	true	wchar_t * __cdecl __GET_RTERRMSG(int param_1)
10005e6b	__NMSG_WRITE	431	true	void __cdecl __NMSG_WRITE(int param_1)
1000601a	__FF_MSGBANNER	57	true	void __cdecl __FF_MSGBANNER(void)
10006076	FUN_10006076	189	true	uint * __cdecl FUN_10006076(uint * param_1)
1000612e	_abort	50	true	noreturn void __cdecl _abort(void)
10006161	__set_abort_behavior	33	true	uint __cdecl __set_abort_behavior(uint _Flags, uint _Mask)
10006182	FUN_10006182	15	true	undefined __cdecl FUN_10006182(undefined4 param_1)
10006191	FUN_10006191	9	true	undefined __stdcall FUN_10006191(void)
100061a3	___set_flsgetvalue	52	true	LPVOID __stdcall ___set_flsgetvalue(void)
100061d7	__mtterm	61	true	void __cdecl __mtterm(void)
10006214	__initptd	156	true	void __cdecl __initptd(_ptiddata _Ptd, pthreadlocinfo _Locale)
100062b6	FUN_100062b6	9	true	undefined __stdcall FUN_100062b6(void)
100062bf	FUN_100062bf	9	true	undefined __stdcall FUN_100062bf(void)
100062c8	__getptd_noexit	121	true	_ptiddata __cdecl __getptd_noexit(void)
10006341	__getptd	26	true	_ptiddata __cdecl __getptd(void)
1000635b	__freefls@4	279	true	undefined __stdcall __freefls@4(void * param_1)
10006475	FUN_10006475	9	true	undefined __stdcall FUN_10006475(void)
10006481	FUN_10006481	9	true	undefined __stdcall FUN_10006481(void)
1000648a	__freeptd	110	true	void __cdecl __freeptd(_ptiddata _Ptd)
100064f8	__mtinit	379	true	int __cdecl __mtinit(void)
10006673	__malloc_crt	69	true	void * __cdecl __malloc_crt(size_t _Size)
100066b8	__calloc_crt	76	true	void * __cdecl __calloc_crt(size_t _Count, size_t _Size)
10006704	__realloc_crt	78	true	void * __cdecl __realloc_crt(void * _Ptr, size_t _NewSize)
10006752	__ioinit	581	true	int __cdecl __ioinit(void)
10006997	__ioterm	83	true	void __cdecl __ioterm(void)
100069ea	__setenvp	219	true	int __cdecl __setenvp(void)
10006ac6	parse_cmdline	410	true	undefined __cdecl parse_cmdline(undefined4 * param_1, byte * param_2, int * param_3)
10006c60	__setargv	187	true	int __cdecl __setargv(void)
10006d1b	___crtGetEnvironmentStringsA	151	true	LPVOID __cdecl ___crtGetEnvironmentStringsA(void)
10006db2	__RTC_Initialize	38	true	undefined __stdcall __RTC_Initialize(void)
10006dd8	FUN_10006dd8	38	true	undefined __stdcall FUN_10006dd8(void)
10006e00	__SEH_prolog4	69	true	undefined __cdecl __SEH_prolog4(undefined4 param_1, int param_2)
10006e45	__SEH_epilog4	20	true	undefined __stdcall __SEH_epilog4(void)
10006e60	__except_handler4	399	true	undefined4 __cdecl __except_handler4(PEXCEPTION_RECORD param_1, PVOID param_2, undefined4 param_3)
10006fef	__XcptFilter	330	true	int __cdecl __XcptFilter(ulong _ExceptionNum, _EXCEPTION_POINTERS * _ExceptionPtr)
10007139	___CppXcptFilter	32	true	int __cdecl ___CppXcptFilter(ulong _ExceptionNum, _EXCEPTION_POINTERS * _ExceptionPtr)
10007159	___security_init_cookie	155	true	void __cdecl ___security_init_cookie(void)
100071f4	FUN_100071f4	8	true	undefined __stdcall FUN_100071f4(void)
100071fc	FUN_100071fc	15	true	undefined __cdecl FUN_100071fc(undefined4 param_1)
1000720b	__call_reportfault	297	true	void __cdecl __call_reportfault(int nDbgHookCode, DWORD dwExceptionCode, DWORD dwExceptionFlags)
10007334	__invoke_watson	37	true	noreturn void __cdecl __invoke_watson(wchar_t * param_1, wchar_t * param_2, wchar_t * param_3, uint param_4, uintptr_t param_5)
10007359	__invalid_parameter	44	true	undefined __stdcall __invalid_parameter(wchar_t * param_1, wchar_t * param_2, wchar_t * param_3, uint param_4, uintptr_t param_5)
10007386	FUN_10007386	16	true	undefined __stdcall FUN_10007386(void)
10007396	__msize	51	true	size_t __cdecl __msize(void * _Memory)
100073c9	__mtinitlocks	74	true	int __cdecl __mtinitlocks(void)
10007413	__mtdeletelocks	87	true	void __cdecl __mtdeletelocks(void)
1000746a	FUN_1000746a	23	true	undefined __cdecl FUN_1000746a(int param_1)
10007481	__mtinitlocknum	183	true	int __cdecl __mtinitlocknum(int _LockNum)
1000753a	FUN_1000753a	9	true	undefined __stdcall FUN_1000753a(void)
10007543	__lock	51	true	void __cdecl __lock(int _File)
10007580	__local_unwind4	144	true	undefined __cdecl __local_unwind4(uint * param_1, int param_2, uint param_3)
10007656	__seh_longjmp_unwind4@4	28	true	undefined __stdcall __seh_longjmp_unwind4@4(int param_1)
10007672	_EH4_CallFilterFunc	23	true	undefined __fastcall _EH4_CallFilterFunc(undefined * param_1)
10007689	_EH4_TransferToHandler	25	true	undefined __fastcall _EH4_TransferToHandler(undefined * UNRECOVERED_JUMPTABLE)
100076a2	_EH4_GlobalUnwind2	25	true	undefined __fastcall _EH4_GlobalUnwind2(PVOID param_1, PEXCEPTION_RECORD param_2)
100076bb	_EH4_LocalUnwind	23	true	undefined __fastcall _EH4_LocalUnwind(int param_1, uint param_2, undefined4 param_3, uint * param_4)
100076d2	terminate	44	true	noreturn void __cdecl terminate(void)
1000770b	FUN_1000770b	19	true	undefined __stdcall FUN_1000770b(void)
1000771e	_inconsistency	48	true	void __cdecl _inconsistency(void)
10007756	FUN_10007756	17	true	undefined __stdcall FUN_10007756(void)
10007767	__initp_misc_winsig	30	true	undefined __cdecl __initp_misc_winsig(undefined4 param_1)
10007785	siglookup	55	true	uint __cdecl siglookup(uint param_1)
100077bc	FUN_100077bc	13	true	undefined __stdcall FUN_100077bc(void)
100077c9	_raise	398	true	int __cdecl _raise(int _SigNum)
10007930	FUN_10007930	15	true	undefined __stdcall FUN_10007930(void)
1000796c	FUN_1000796c	15	true	undefined __cdecl FUN_1000796c(undefined4 param_1)
1000797b	__initp_misc_cfltcvt_tab	35	true	undefined __stdcall __initp_misc_cfltcvt_tab(void)
100079a0	__ValidateImageBase	53	true	BOOL __cdecl __ValidateImageBase(PBYTE pImageBase)
100079e0	__FindPESection	68	true	PIMAGE_SECTION_HEADER __cdecl __FindPESection(PBYTE pImageBase, DWORD_PTR rva)
10007a30	__IsNonwritableInCurrentImage	166	true	BOOL __cdecl __IsNonwritableInCurrentImage(PBYTE pTarget)
10007aec	___crtMessageBoxW	364	true	int __cdecl ___crtMessageBoxW(LPCWSTR _LpText, LPCWSTR _LpCaption, UINT _UType)
10007c58	_wcscat_s	117	true	errno_t __cdecl _wcscat_s(wchar_t * _Dst, rsize_t _SizeInWords, wchar_t * _Src)
10007ccd	_wcsncpy_s	205	true	errno_t __cdecl _wcsncpy_s(wchar_t * _Dst, rsize_t _SizeInWords, wchar_t * _Src, rsize_t _MaxCount)
10007d9a	_wcslen	27	true	size_t __cdecl _wcslen(wchar_t * _Str)
10007db5	_wcscpy_s	99	true	errno_t __cdecl _wcscpy_s(wchar_t * _Dst, rsize_t _SizeInWords, wchar_t * _Src)
10007e18	__set_error_mode	63	true	int __cdecl __set_error_mode(int _Mode)
10007e57	__freea	32	true	void __cdecl __freea(void * _Memory)
10007e77	_LocaleUpdate	135	true	undefined __thiscall _LocaleUpdate(_LocaleUpdate * this, localeinfo_struct * param_1)
10007efe	___addlocaleref	143	true	undefined __cdecl ___addlocaleref(LONG * param_1)
10007f8d	___removelocaleref	153	true	LONG * __cdecl ___removelocaleref(LONG * param_1)
10008026	___freetlocinfo	331	true	undefined __cdecl ___freetlocinfo(void * param_1)
10008171	__updatetlocinfoEx_nolock	77	true	LONG * __cdecl __updatetlocinfoEx_nolock(undefined4 * param_1, LONG * param_2)
100081be	___updatetlocinfo	109	true	pthreadlocinfo __cdecl ___updatetlocinfo(void)
1000822b	FUN_1000822b	12	true	undefined __stdcall FUN_1000822b(void)
10008237	CPtoLCID	47	true	int __cdecl CPtoLCID(int param_1)
10008266	setSBCS	100	true	void __cdecl setSBCS(threadmbcinfostruct * param_1)
100082ca	setSBUpLow	400	true	void __cdecl setSBUpLow(threadmbcinfostruct * param_1)
1000845a	___updatetmbcinfo	152	true	pthreadmbcinfo __cdecl ___updatetmbcinfo(void)
100084f5	FUN_100084f5	9	true	undefined __stdcall FUN_100084f5(void)
100084fe	getSystemCP	124	true	int __cdecl getSystemCP(int param_1)
1000857a	__setmbcp_nolock	489	true	undefined4 __cdecl __setmbcp_nolock(undefined4 param_1, int param_2)
10008763	__setmbcp	399	true	int __cdecl __setmbcp(int _CodePage)
100088c4	FUN_100088c4	9	true	undefined __stdcall FUN_100088c4(void)
100088fd	___initmbctable	30	true	undefined4 __stdcall ___initmbctable(void)
1000891b	__calloc_impl	130	true	LPVOID __cdecl __calloc_impl(uint param_1, uint param_2, undefined4 * param_3)
1000899d	_realloc	173	true	void * __cdecl _realloc(void * _Memory, size_t _NewSize)
10008a4a	x_ismbbtype_l	83	true	int __cdecl x_ismbbtype_l(localeinfo_struct * param_1, uint param_2, int param_3, int param_4)
10008a9d	__ismbblead	24	true	int __cdecl __ismbblead(uint _C)
10008ac0	_memset	122	true	void * __cdecl _memset(void * _Dst, int _Val, size_t _Size)
10008be0	__global_unwind2	32	true	undefined __cdecl __global_unwind2(PVOID param_1)
10008c45	__local_unwind2	132	true	undefined __cdecl __local_unwind2(int param_1, uint param_2)
10008cec	__NLG_Notify1	9	true	undefined4 __fastcall __NLG_Notify1(undefined4 param_1)
10008cf5	__NLG_Notify	31	true	void __stdcall __NLG_Notify(ulong param_1)
10008d14	FUN_10008d14	3	true	undefined __stdcall FUN_10008d14(void)
10008d20	FID_conflict:_memcpy	708	true	void * __cdecl FID_conflict:_memcpy(void * _Dst, void * _Src, size_t _Size)
10009090	__alloca_probe_16	22	true	uint __stdcall __alloca_probe_16(void)
100090a6	__alloca_probe_8	22	true	uint __stdcall __alloca_probe_8(void)
100090bc	___free_lc_time	887	true	undefined __cdecl ___free_lc_time(undefined4 * param_1)
10009433	___free_lconv_num	105	true	undefined __cdecl ___free_lconv_num(undefined4 * param_1)
1000949c	___free_lconv_mon	254	true	undefined __cdecl ___free_lconv_mon(int param_1)
1000959a	__crtLCMapStringA_stat	487	true	int __cdecl __crtLCMapStringA_stat(localeinfo_struct * param_1, ulong param_2, ulong param_3, char * param_4, int param_5, char * param_6, int param_7, int param_8, int param_9)
10009781	___crtLCMapStringA	70	true	int __cdecl ___crtLCMapStringA(_locale_t _Plocinfo, LPCWSTR _LocaleName, DWORD _DwMapFlag, LPCSTR _LpSrcStr, int _CchSrc, LPSTR _LpDestStr, int _CchDest, int _Code_page, BOOL _BError)
100097c7	__crtGetStringTypeA_stat	231	true	int __cdecl __crtGetStringTypeA_stat(localeinfo_struct * param_1, ulong param_2, char * param_3, int param_4, ushort * param_5, int param_6, int param_7, int param_8)
100098ae	___crtGetStringTypeA	64	true	BOOL __cdecl ___crtGetStringTypeA(_locale_t _Plocinfo, DWORD _DWInfoType, LPCSTR _LpSrcStr, int _CchSrc, LPWORD _LpCharType, int _Code_page, BOOL _BError)
100098ee	__VEC_memzero	183	true	undefined1[16] * __fastcall __VEC_memzero(undefined1[16] * param_1, uint param_2)
100099b0	__alloca_probe	43	true	undefined __stdcall __alloca_probe(void)
10009a20	_strcspn	70	true	size_t __cdecl _strcspn(char * _Str, char * _Control)
10009a70	_strpbrk	64	true	char * __cdecl _strpbrk(char * _Str, char * _Control)
10009ab0	___ascii_strnicmp	97	true	int __cdecl ___ascii_strnicmp(char * _Str1, char * _Str2, size_t _MaxCount)
10009b12	RtlUnwind	6	true	void __stdcall RtlUnwind(PVOID TargetFrame, PVOID TargetIp, PEXCEPTION_RECORD ExceptionRecord, PVOID ReturnValue)
10009b18	_JumpToContinuation	45	true	void __stdcall _JumpToContinuation(void * param_1, EHRegistrationNode * param_2)
10009b4a	FID_conflict:_CallMemberFunction1	7	true	undefined __stdcall FID_conflict:_CallMemberFunction1(undefined4 param_1, undefined * UNRECOVERED_JUMPTABLE)
10009b51	_UnwindNestedFrames	84	true	void __stdcall _UnwindNestedFrames(EHRegistrationNode * param_1, EHExceptionRecord * param_2)
10009ba5	FID_conflict:___CxxFrameHandler3	54	true	undefined4 __cdecl FID_conflict:___CxxFrameHandler3(EHExceptionRecord * param_1, EHRegistrationNode * param_2, _CONTEXT * param_3, void * param_4)
10009bdb	CatchGuardHandler	51	true	_EXCEPTION_DISPOSITION __cdecl CatchGuardHandler(EHExceptionRecord * param_1, CatchGuardRN * param_2, void * param_3, void * param_4)
10009c0e	_CallSETranslator	215	true	int __cdecl _CallSETranslator(EHExceptionRecord * param_1, EHRegistrationNode * param_2, void * param_3, void * param_4, _s_FuncInfo * param_5, int param_6, EHRegistrationNode * param_7)
10009ce5	TranslatorGuardHandler	154	true	_EXCEPTION_DISPOSITION __cdecl TranslatorGuardHandler(EHExceptionRecord * param_1, TranslatorGuardRN * param_2, void * param_3, void * param_4)
10009d84	_GetRangeOfTrysToCheck	115	true	_s_TryBlockMapEntry * __cdecl _GetRangeOfTrysToCheck(_s_FuncInfo * param_1, int param_2, int param_3, uint * param_4, uint * param_5)
10009df7	__CreateFrameInfo	44	true	undefined4 * __cdecl __CreateFrameInfo(undefined4 * param_1, undefined4 param_2)
10009e23	__IsExceptionObjectToBeDestroyed	39	true	undefined4 __cdecl __IsExceptionObjectToBeDestroyed(int param_1)
10009e4a	__FindAndUnlinkFrame	82	true	undefined __cdecl __FindAndUnlinkFrame(void * param_1)
10009e9c	_CallCatchBlock2	96	true	void * __cdecl _CallCatchBlock2(EHRegistrationNode * param_1, _s_FuncInfo * param_2, void * param_3, int param_4, ulong param_5)
10009f07	FUN_10009f07	39	true	void * __thiscall FUN_10009f07(void * this, byte param_1)
10009f2e	___TypeMatch	95	true	undefined4 __cdecl ___TypeMatch(byte * param_1, byte * param_2, uint * param_3)
10009f8d	___FrameUnwindFilter	79	true	undefined4 __cdecl ___FrameUnwindFilter(undefined4 * param_1)
10009fdc	___FrameUnwindToState	162	true	undefined __cdecl ___FrameUnwindToState(int param_1, undefined4 param_2, int param_3, int param_4)
1000a09e	FUN_1000a09e	26	true	undefined __stdcall FUN_1000a09e(void)
1000a0b8	ExFilterRethrow	69	true	int __cdecl ExFilterRethrow(_EXCEPTION_POINTERS * param_1)
1000a0fd	___DestructExceptionObject	67	true	undefined __cdecl ___DestructExceptionObject(int * param_1)
1000a152	___AdjustPointer	41	true	int __cdecl ___AdjustPointer(int param_1, int * param_2)
1000a17b	IsInExceptionSpec	123	true	uchar __cdecl IsInExceptionSpec(EHExceptionRecord * param_1, _s_ESTypeList * param_2)
1000a1f6	FUN_1000a1f6	49	true	undefined __stdcall FUN_1000a1f6(void)
1000a227	Catch_All@1000a227	23	true	undefined __stdcall Catch_All@1000a227(void)
1000a23f	CallCatchBlock	172	true	void * __cdecl CallCatchBlock(EHExceptionRecord * param_1, EHRegistrationNode * param_2, _CONTEXT * param_3, _s_FuncInfo * param_4, void * param_5, int param_6, ulong param_7)
1000a365	FUN_1000a365	118	true	undefined __stdcall FUN_1000a365(void)
1000a3db	___BuildCatchObjectHelper	371	true	char __cdecl ___BuildCatchObjectHelper(int param_1, int * param_2, uint * param_3, byte * param_4)
1000a55a	___BuildCatchObject	133	true	undefined __cdecl ___BuildCatchObject(int param_1, int * param_2, uint * param_3, byte * param_4)
1000a5ec	CatchIt	110	true	void __cdecl CatchIt(EHExceptionRecord * param_1, EHRegistrationNode * param_2, _CONTEXT * param_3, void * param_4, _s_FuncInfo * param_5, _s_HandlerType * param_6, _s_CatchableType * param_7, _s_TryBlockMapEntry * param_8, int param_9, EHRegistrationNode * param_10, uchar param_11)
1000a65a	FindHandlerForForeignException	263	true	void __cdecl FindHandlerForForeignException(EHExceptionRecord * param_1, EHRegistrationNode * param_2, _CONTEXT * param_3, void * param_4, _s_FuncInfo * param_5, int param_6, int param_7, EHRegistrationNode * param_8)
1000a761	FindHandler	885	true	void __cdecl FindHandler(EHExceptionRecord * param_1, EHRegistrationNode * param_2, _CONTEXT * param_3, void * param_4, _s_FuncInfo * param_5, uchar param_6, int param_7, EHRegistrationNode * param_8)
1000aad6	FUN_1000aad6	29	true	void * __thiscall FUN_1000aad6(void * this, exception * param_1)
1000aaf3	___InternalCxxFrameHandler	230	true	undefined4 __cdecl ___InternalCxxFrameHandler(EHExceptionRecord * param_1, EHRegistrationNode * param_2, _CONTEXT * param_3, void * param_4, _s_FuncInfo * param_5, int param_6, EHRegistrationNode * param_7, uchar param_8)
1000abe0	__CallSettingFrame@12	76	true	undefined __stdcall __CallSettingFrame@12(undefined4 param_1, undefined4 param_2, int param_3)
1000ac2c	__EH_prolog3_catch	54	true	undefined __cdecl __EH_prolog3_catch(int param_1)
1000ac62	_ValidateRead	18	true	int __cdecl _ValidateRead(void * param_1, uint param_2)
1000aca0	Unwind@1000aca0	11	true	undefined __stdcall Unwind@1000aca0(void)
1000acab	Unwind@1000acab	34	true	undefined __stdcall Unwind@1000acab(void)
1000accd	Unwind@1000accd	34	true	undefined __stdcall Unwind@1000accd(void)
1000acef	Unwind@1000acef	34	true	undefined __stdcall Unwind@1000acef(void)
1000ad11	Unwind@1000ad11	31	true	undefined __stdcall Unwind@1000ad11(void)
1000ad60	Unwind@1000ad60	11	true	undefined __stdcall Unwind@1000ad60(void)
1000ad6b	Unwind@1000ad6b	34	true	undefined __stdcall Unwind@1000ad6b(void)
1000ad8d	Unwind@1000ad8d	34	true	undefined __stdcall Unwind@1000ad8d(void)
1000adaf	Unwind@1000adaf	34	true	undefined __stdcall Unwind@1000adaf(void)
1000add1	Unwind@1000add1	34	true	undefined __stdcall Unwind@1000add1(void)
1000adf3	Unwind@1000adf3	31	true	undefined __stdcall Unwind@1000adf3(void)
1000ae12	Unwind@1000ae12	11	true	undefined __stdcall Unwind@1000ae12(void)
1000ae1d	Unwind@1000ae1d	11	true	undefined __stdcall Unwind@1000ae1d(void)
1000ae28	Unwind@1000ae28	11	true	undefined __stdcall Unwind@1000ae28(void)
1000ae33	Unwind@1000ae33	11	true	undefined __stdcall Unwind@1000ae33(void)
1000ae70	Unwind@1000ae70	11	true	undefined __stdcall Unwind@1000ae70(void)
1000ae7b	Unwind@1000ae7b	34	true	undefined __stdcall Unwind@1000ae7b(void)
1000ae9d	Unwind@1000ae9d	34	true	undefined __stdcall Unwind@1000ae9d(void)
1000aebf	Unwind@1000aebf	34	true	undefined __stdcall Unwind@1000aebf(void)
1000aee1	Unwind@1000aee1	31	true	undefined __stdcall Unwind@1000aee1(void)
1000af00	Unwind@1000af00	34	true	undefined __stdcall Unwind@1000af00(void)
1000af6b	FUN_1000af6b	20	true	undefined __stdcall FUN_1000af6b(void)
