address	name
40004000	WDT_WTCR
40004004	WDT_WTCRALT
40010000	TIMER0_TCSR
40010004	TIMER0_TCMPR
40010008	TIMER0_TISR
4001000c	TIMER0_TDR
40010010	TIMER0_TCAP
40010014	TIMER0_TEXCON
40010018	TIMER0_TEXISR
40010020	TIMER1_TCSR
40010024	TIMER1_TCMPR
40010028	TIMER1_TISR
4001002c	TIMER1_TDR
40010030	TIMER1_TCAP
40010034	TIMER1_TEXCON
40010038	TIMER1_TEXISR
40050000	UART0_RBR
40050004	UART0_IER
40050008	UART0_FCR
4005000c	UART0_LCR
40050010	UART0_MCR
40050014	UART0_MSR
40050018	UART0_FSR
4005001c	UART0_ISR
40050020	UART0_TOR
40050024	UART0_BAUD
40050028	UART0_IRCR
4005002c	UART0_ALT_CSR
40050030	UART0_FUN_SEL
40060000	USBD_INTEN
40060004	USBD_INTSTS
40060008	USBD_FADDR
4006000c	USBD_EPSTS
40060010	USBD_ATTR
40060014	USBD_FLDET
40060018	USBD_STBUFSEG
40060090	USBD_DRVSE0
40060500	USBD_EP0_BUFSEG
40060504	USBD_EP0_MXPLD
40060508	USBD_EP0_CFG
4006050c	USBD_EP0_CFGP
40060510	USBD_EP1_BUFSEG
40060514	USBD_EP1_MXPLD
40060518	USBD_EP1_CFG
4006051c	USBD_EP1_CFGP
40060520	USBD_EP2_BUFSEG
40060524	USBD_EP2_MXPLD
40060528	USBD_EP2_CFG
4006052c	USBD_EP2_CFGP
40060530	USBD_EP3_BUFSEG
40060534	USBD_EP3_MXPLD
40060538	USBD_EP3_CFG
4006053c	USBD_EP3_CFGP
40060540	USBD_EP4_BUFSEG
40060544	USBD_EP4_MXPLD
40060548	USBD_EP4_CFG
4006054c	USBD_EP4_CFGP
40060550	USBD_EP5_BUFSEG
40060554	USBD_EP5_MXPLD
40060558	USBD_EP5_CFG
4006055c	USBD_EP5_CFGP
40060560	USBD_EP6_BUFSEG
40060564	USBD_EP6_MXPLD
40060568	USBD_EP6_CFG
4006056c	USBD_EP6_CFGP
40060570	USBD_EP7_BUFSEG
40060574	USBD_EP7_MXPLD
40060578	USBD_EP7_CFG
4006057c	USBD_EP7_CFGP
400e0000	ADC_ADDR0
400e0004	ADC_ADDR1
400e0008	ADC_ADDR2
400e000c	ADC_ADDR3
400e0010	ADC_ADDR4
400e0014	ADC_ADDR5
400e0018	ADC_ADDR6
400e001c	ADC_ADDR7
400e0020	ADC_ADCR
400e0024	ADC_ADCHER
400e0028	ADC_ADCMPR0
400e002c	ADC_ADCMPR1
400e0030	ADC_ADSR
400e0040	ADC_ADPDMA
40100000	PS2_PS2CON
40100004	PS2_PS2TXDATA0
40100008	PS2_PS2TXDATA1
4010000c	PS2_PS2TXDATA2
40100010	PS2_PS2TXDATA3
40100014	PS2_PS2RXDATA
40100018	PS2_PS2STATUS
4010001c	PS2_PS2INTID
40110000	TIMER2_TCSR
40110004	TIMER2_TCMPR
40110008	TIMER2_TISR
4011000c	TIMER2_TDR
40110010	TIMER2_TCAP
40110014	TIMER2_TEXCON
40110018	TIMER2_TEXISR
40110020	TIMER3_TCSR
40110024	TIMER3_TCMPR
40110028	TIMER3_TISR
4011002c	TIMER3_TDR
40110030	TIMER3_TCAP
40110034	TIMER3_TEXCON
40110038	TIMER3_TEXISR
40150000	UART1_RBR
40150004	UART1_IER
40150008	UART1_FCR
4015000c	UART1_LCR
40150010	UART1_MCR
40150014	UART1_MSR
40150018	UART1_FSR
4015001c	UART1_ISR
40150020	UART1_TOR
40150024	UART1_BAUD
40150028	UART1_IRCR
4015002c	UART1_ALT_CSR
40150030	UART1_FUN_SEL
50000000	SYS_PDID
50000004	SYS_RSTSRC
50000008	SYS_IPRSTC1
5000000c	SYS_IPRSTC2
50000018	SYS_BODCR
50000024	SYS_PORCR
50000030	SYS_GPA_MFP
50000034	SYS_GPB_MFP
50000038	SYS_GPC_MFP
5000003c	SYS_GPD_MFP
50000044	SYS_GPF_MFP
50000050	SYS_ALT_MFP
50000054	SYS_ALT_MFP1
500000c0	SYS_GPA_IOCR
500000c4	SYS_GPB_IOCR
500000cc	SYS_GPD_IOCR
50000100	SYS_REGWRPROT
50000134	SYS_GPA_MFPH
50000138	SYS_GPB_MFPL
5000013c	SYS_GPB_MFPH
50000140	SYS_GPC_MFPL
50000144	SYS_GPC_MFPH
50000148	SYS_GPD_MFPL
5000014c	SYS_GPD_MFPH
50000158	SYS_GPF_MFPL
50000200	CLK_PWRCON
50000204	CLK_AHBCLK
50000208	CLK_APBCLK
5000020c	CLK_CLKSTATUS
50000210	CLK_CLKSEL0
50000214	CLK_CLKSEL1
50000218	CLK_CLKDIV
5000021c	CLK_CLKSEL2
50000220	CLK_PLLCON
50000224	CLK_FRQDIV
5000022c	CLK_APBDIV
50004000	PA_PMD
50004004	PA_OFFD
50004008	PA_DOUT
5000400c	PA_DMASK
50004010	PA_PIN
50004014	PA_DBEN
50004018	PA_IMD
5000401c	PA_IEN
50004020	PA_ISRC
50004040	PB_PMD
50004044	PB_OFFD
50004048	PB_DOUT
5000404c	PB_DMASK
50004050	PB_PIN
50004054	PB_DBEN
50004058	PB_IMD
5000405c	PB_IEN
50004060	PB_ISRC
50004080	PC_PMD
50004084	PC_OFFD
50004088	PC_DOUT
5000408c	PC_DMASK
50004090	PC_PIN
50004094	PC_DBEN
50004098	PC_IMD
5000409c	PC_IEN
500040a0	PC_ISRC
500040c0	PD_PMD
500040c4	PD_OFFD
500040c8	PD_DOUT
500040cc	PD_DMASK
500040d0	PD_PIN
500040d4	PD_DBEN
500040d8	PD_IMD
500040dc	PD_IEN
500040e0	PD_ISRC
50004140	PF_PMD
50004144	PF_OFFD
50004148	PF_DOUT
5000414c	PF_DMASK
50004150	PF_PIN
50004154	PF_DBEN
50004158	PF_IMD
5000415c	PF_IEN
50004160	PF_ISRC
50004200	PA0_PIN
50004204	PA1_PIN
50004208	PA2_PIN
5000420c	PA3_PIN
50004210	PA4_PIN
50004214	PA5_PIN
50004218	PA6_PIN
5000421c	PA7_PIN
50004220	PA8_PIN
50004224	PA9_PIN
50004228	PA10_PIN
5000422c	PA11_PIN
50004230	PA12_PIN
50004234	PA13_PIN
50004238	PA14_PIN
5000423c	PA15_PIN
50004240	PB0_PIN
50004244	PB1_PIN
50004248	PB2_PIN
5000424c	PB3_PIN
50004250	PB4_PIN
50004254	PB5_PIN
50004258	PB6_PIN
5000425c	PB7_PIN
50004260	PB8_PIN
50004264	PB9_PIN
50004268	PB10_PIN
5000426c	PB11_PIN
50004270	PB12_PIN
50004274	PB13_PIN
50004278	PB14_PIN
5000427c	PB15_PIN
50004280	PC0_PIN
50004284	PC1_PIN
50004288	PC2_PIN
5000428c	PC3_PIN
50004290	PC4_PIN
50004294	PC5_PIN
50004298	PC6_PIN
5000429c	PC7_PIN
500042a0	PC8_PIN
500042a4	PC9_PIN
500042a8	PC10_PIN
500042ac	PC11_PIN
500042b0	PC12_PIN
500042b4	PC13_PIN
500042b8	PC14_PIN
500042bc	PC15_PIN
500042c0	PD0_PIN
500042c4	PD1_PIN
500042c8	PD2_PIN
500042cc	PD3_PIN
500042d0	PD4_PIN
500042d4	PD5_PIN
500042d8	PD6_PIN
500042dc	PD7_PIN
500042e0	PD8_PIN
500042e4	PD9_PIN
500042e8	PD10_PIN
500042ec	PD11_PIN
500042f0	PD12_PIN
500042f4	PD13_PIN
500042f8	PD14_PIN
500042fc	PD15_PIN
50004300	PE0_PIN
50004304	PE1_PIN
50004308	PE2_PIN
5000430c	PE3_PIN
50004310	PE4_PIN
50004314	PE5_PIN
50004318	PE6_PIN
5000431c	PE7_PIN
50004320	PE8_PIN
50004324	PE9_PIN
50004328	PE10_PIN
5000432c	PE11_PIN
50004330	PE12_PIN
50004334	PE13_PIN
50004338	PE14_PIN
5000433c	PE15_PIN
50004340	PF0_PIN
50004344	PF1_PIN
50004348	PF2_PIN
5000434c	PF3_PIN
50004350	PF4_PIN
50004354	PF5_PIN
50004358	PF6_PIN
5000435c	PF7_PIN
50004360	PF8_PIN
50004364	PF9_PIN
50004368	PF10_PIN
5000436c	PF11_PIN
50004370	PF12_PIN
50004374	PF13_PIN
50004378	PF14_PIN
5000437c	PF15_PIN
5000c000	FMC_ISPCON
5000c004	FMC_ISPADR
5000c008	FMC_ISPDAT
5000c00c	FMC_ISPCMD
5000c010	FMC_ISPTRG
5000c014	FMC_DFBADR
5000c018	FMC_FATCON
5000c040	FMC_ISPSTA
e000e010	SYSTICK_CTRL
e000e014	SYSTICK_LOAD
e000e018	SYSTICK_VAL
e000e100	NVIC_ISER
e000e180	NVIC_ICER
e000e200	NVIC_ISPR
e000e280	NVIC_ICPR
e000ed0c	SCB_AIRCR
